[
  {
    "model": "admin.logentry",
    "pk": 1,
    "fields": {
      "action_time": "2022-09-30T17:30:18.043Z",
      "user": 1,
      "content_type": 7,
      "object_id": "1",
      "object_repr": "nandvaghela20@gmail.com",
      "action_flag": 1,
      "change_message": "[{\"added\": {}}]"
    }
  },
  {
    "model": "admin.logentry",
    "pk": 2,
    "fields": {
      "action_time": "2022-09-30T17:48:02.113Z",
      "user": 1,
      "content_type": 7,
      "object_id": "1",
      "object_repr": "nandvaghela20@gmail.com",
      "action_flag": 2,
      "change_message": "[{\"changed\": {\"fields\": [\"Profile picture\", \"Cover photos\", \"Address line1\", \"Country\", \"State\", \"City\", \"Pin code\"]}}]"
    }
  },
  {
    "model": "admin.logentry",
    "pk": 3,
    "fields": {
      "action_time": "2022-09-30T17:53:31.210Z",
      "user": 1,
      "content_type": 7,
      "object_id": "1",
      "object_repr": "nandvaghela20@gmail.com",
      "action_flag": 3,
      "change_message": ""
    }
  },
  {
    "model": "admin.logentry",
    "pk": 4,
    "fields": {
      "action_time": "2022-09-30T17:53:54.305Z",
      "user": 1,
      "content_type": 7,
      "object_id": "2",
      "object_repr": "nandvaghela20@gmail.com",
      "action_flag": 1,
      "change_message": "[{\"added\": {}}]"
    }
  },
  {
    "model": "admin.logentry",
    "pk": 5,
    "fields": {
      "action_time": "2022-09-30T17:56:39.004Z",
      "user": 1,
      "content_type": 7,
      "object_id": "2",
      "object_repr": "nandvaghela20@gmail.com",
      "action_flag": 2,
      "change_message": "[{\"changed\": {\"fields\": [\"Profile picture\", \"Cover photos\"]}}]"
    }
  },
  {
    "model": "admin.logentry",
    "pk": 6,
    "fields": {
      "action_time": "2022-09-30T17:56:55.121Z",
      "user": 1,
      "content_type": 7,
      "object_id": "2",
      "object_repr": "nandvaghela20@gmail.com",
      "action_flag": 2,
      "change_message": "[{\"changed\": {\"fields\": [\"Profile picture\", \"Cover photos\"]}}]"
    }
  },
  {
    "model": "admin.logentry",
    "pk": 7,
    "fields": {
      "action_time": "2022-09-30T17:57:50.908Z",
      "user": 1,
      "content_type": 7,
      "object_id": "2",
      "object_repr": "nandvaghela20@gmail.com",
      "action_flag": 2,
      "change_message": "[{\"changed\": {\"fields\": [\"Profile picture\", \"Cover photos\"]}}]"
    }
  },
  {
    "model": "admin.logentry",
    "pk": 8,
    "fields": {
      "action_time": "2022-09-30T17:58:34.706Z",
      "user": 1,
      "content_type": 7,
      "object_id": "2",
      "object_repr": "nandvaghela20@gmail.com",
      "action_flag": 2,
      "change_message": "[{\"changed\": {\"fields\": [\"Profile picture\", \"Cover photos\"]}}]"
    }
  },
  {
    "model": "admin.logentry",
    "pk": 9,
    "fields": {
      "action_time": "2022-10-01T17:49:12.159Z",
      "user": 1,
      "content_type": 6,
      "object_id": "2",
      "object_repr": "",
      "action_flag": 1,
      "change_message": "[{\"added\": {}}]"
    }
  },
  {
    "model": "admin.logentry",
    "pk": 10,
    "fields": {
      "action_time": "2022-10-01T17:50:01.097Z",
      "user": 1,
      "content_type": 6,
      "object_id": "2",
      "object_repr": "luffy@gmail.com",
      "action_flag": 2,
      "change_message": "[{\"changed\": {\"fields\": [\"Firstname\", \"Lastname\", \"Email\", \"Phone number\"]}}]"
    }
  },
  {
    "model": "admin.logentry",
    "pk": 11,
    "fields": {
      "action_time": "2022-10-01T18:11:50.772Z",
      "user": 1,
      "content_type": 6,
      "object_id": "3",
      "object_repr": "",
      "action_flag": 1,
      "change_message": "[{\"added\": {}}]"
    }
  },
  {
    "model": "admin.logentry",
    "pk": 12,
    "fields": {
      "action_time": "2022-10-01T18:12:24.497Z",
      "user": 1,
      "content_type": 6,
      "object_id": "3",
      "object_repr": "zoro@gmail.com",
      "action_flag": 2,
      "change_message": "[{\"changed\": {\"fields\": [\"Firstname\", \"Lastname\", \"Email\"]}}]"
    }
  },
  {
    "model": "admin.logentry",
    "pk": 13,
    "fields": {
      "action_time": "2022-10-03T23:10:29.313Z",
      "user": 1,
      "content_type": 6,
      "object_id": "8",
      "object_repr": "madara@gmail.com",
      "action_flag": 2,
      "change_message": "[{\"changed\": {\"fields\": [\"Is active\"]}}]"
    }
  },
  {
    "model": "admin.logentry",
    "pk": 14,
    "fields": {
      "action_time": "2022-10-04T02:36:27.294Z",
      "user": 1,
      "content_type": 6,
      "object_id": "10",
      "object_repr": "minato@gmail.com",
      "action_flag": 2,
      "change_message": "[{\"changed\": {\"fields\": [\"Is active\"]}}]"
    }
  },
  {
    "model": "admin.logentry",
    "pk": 15,
    "fields": {
      "action_time": "2022-10-04T19:14:36.921Z",
      "user": 1,
      "content_type": 6,
      "object_id": "11",
      "object_repr": "vaghelanandkumar@gmail.com",
      "action_flag": 3,
      "change_message": ""
    }
  },
  {
    "model": "admin.logentry",
    "pk": 16,
    "fields": {
      "action_time": "2022-10-04T19:46:56.041Z",
      "user": 1,
      "content_type": 6,
      "object_id": "12",
      "object_repr": "vaghelanandkumar@gmail.com",
      "action_flag": 3,
      "change_message": ""
    }
  },
  {
    "model": "admin.logentry",
    "pk": 17,
    "fields": {
      "action_time": "2022-10-04T19:52:42.410Z",
      "user": 1,
      "content_type": 6,
      "object_id": "13",
      "object_repr": "vaghelanandkumar@gmail.com",
      "action_flag": 3,
      "change_message": ""
    }
  },
  {
    "model": "admin.logentry",
    "pk": 18,
    "fields": {
      "action_time": "2022-10-04T19:57:13.413Z",
      "user": 1,
      "content_type": 6,
      "object_id": "14",
      "object_repr": "vaghelanandkumar@gmail.com",
      "action_flag": 3,
      "change_message": ""
    }
  },
  {
    "model": "admin.logentry",
    "pk": 19,
    "fields": {
      "action_time": "2022-10-04T19:58:56.217Z",
      "user": 1,
      "content_type": 6,
      "object_id": "15",
      "object_repr": "vaghelanandkumar@gmail.com",
      "action_flag": 3,
      "change_message": ""
    }
  },
  {
    "model": "admin.logentry",
    "pk": 20,
    "fields": {
      "action_time": "2022-10-04T20:01:27.905Z",
      "user": 1,
      "content_type": 6,
      "object_id": "16",
      "object_repr": "vaghelanandkumar@gmail.com",
      "action_flag": 3,
      "change_message": ""
    }
  },
  {
    "model": "admin.logentry",
    "pk": 21,
    "fields": {
      "action_time": "2022-10-04T20:03:10.149Z",
      "user": 1,
      "content_type": 6,
      "object_id": "17",
      "object_repr": "vaghelanandkumar@gmail.com",
      "action_flag": 3,
      "change_message": ""
    }
  },
  {
    "model": "admin.logentry",
    "pk": 22,
    "fields": {
      "action_time": "2022-10-04T20:04:07.111Z",
      "user": 1,
      "content_type": 6,
      "object_id": "18",
      "object_repr": "vaghelanandkumar@gmail.com",
      "action_flag": 3,
      "change_message": ""
    }
  },
  {
    "model": "admin.logentry",
    "pk": 23,
    "fields": {
      "action_time": "2022-10-04T20:23:26.012Z",
      "user": 1,
      "content_type": 6,
      "object_id": "19",
      "object_repr": "vaghelanandkumar@gmail.com",
      "action_flag": 3,
      "change_message": ""
    }
  },
  {
    "model": "admin.logentry",
    "pk": 24,
    "fields": {
      "action_time": "2022-10-04T20:23:26.015Z",
      "user": 1,
      "content_type": 6,
      "object_id": "9",
      "object_repr": "hashirama@gmail.com",
      "action_flag": 3,
      "change_message": ""
    }
  },
  {
    "model": "admin.logentry",
    "pk": 25,
    "fields": {
      "action_time": "2022-10-04T20:23:26.016Z",
      "user": 1,
      "content_type": 6,
      "object_id": "8",
      "object_repr": "madara@gmail.com",
      "action_flag": 3,
      "change_message": ""
    }
  },
  {
    "model": "admin.logentry",
    "pk": 26,
    "fields": {
      "action_time": "2022-10-04T20:23:26.017Z",
      "user": 1,
      "content_type": 6,
      "object_id": "7",
      "object_repr": "kakashi1@gmail.com",
      "action_flag": 3,
      "change_message": ""
    }
  },
  {
    "model": "admin.logentry",
    "pk": 27,
    "fields": {
      "action_time": "2022-10-04T20:23:26.018Z",
      "user": 1,
      "content_type": 6,
      "object_id": "6",
      "object_repr": "kakashi@gmail.com",
      "action_flag": 3,
      "change_message": ""
    }
  },
  {
    "model": "admin.logentry",
    "pk": 28,
    "fields": {
      "action_time": "2022-10-04T20:23:26.019Z",
      "user": 1,
      "content_type": 6,
      "object_id": "5",
      "object_repr": "Itachi@gmail.com",
      "action_flag": 3,
      "change_message": ""
    }
  },
  {
    "model": "admin.logentry",
    "pk": 29,
    "fields": {
      "action_time": "2022-10-04T20:23:26.019Z",
      "user": 1,
      "content_type": 6,
      "object_id": "4",
      "object_repr": "robin@gmail.com",
      "action_flag": 3,
      "change_message": ""
    }
  },
  {
    "model": "admin.logentry",
    "pk": 30,
    "fields": {
      "action_time": "2022-10-04T20:23:26.020Z",
      "user": 1,
      "content_type": 6,
      "object_id": "3",
      "object_repr": "zoro@gmail.com",
      "action_flag": 3,
      "change_message": ""
    }
  },
  {
    "model": "admin.logentry",
    "pk": 31,
    "fields": {
      "action_time": "2022-10-04T20:23:26.021Z",
      "user": 1,
      "content_type": 6,
      "object_id": "2",
      "object_repr": "luffy@gmail.com",
      "action_flag": 3,
      "change_message": ""
    }
  },
  {
    "model": "admin.logentry",
    "pk": 32,
    "fields": {
      "action_time": "2022-10-04T20:30:33.815Z",
      "user": 1,
      "content_type": 6,
      "object_id": "20",
      "object_repr": "vaghelanandkumar@gmail.com",
      "action_flag": 3,
      "change_message": ""
    }
  },
  {
    "model": "admin.logentry",
    "pk": 33,
    "fields": {
      "action_time": "2022-10-04T20:34:27.265Z",
      "user": 1,
      "content_type": 6,
      "object_id": "21",
      "object_repr": "vaghelanandkumar@gmail.com",
      "action_flag": 3,
      "change_message": ""
    }
  },
  {
    "model": "admin.logentry",
    "pk": 34,
    "fields": {
      "action_time": "2022-10-04T23:16:32.841Z",
      "user": 1,
      "content_type": 6,
      "object_id": "22",
      "object_repr": "vaghelanandkumar@gmail.com",
      "action_flag": 3,
      "change_message": ""
    }
  },
  {
    "model": "admin.logentry",
    "pk": 35,
    "fields": {
      "action_time": "2022-10-04T23:20:21.143Z",
      "user": 1,
      "content_type": 6,
      "object_id": "23",
      "object_repr": "vaghelanandkumar@gmail.com",
      "action_flag": 3,
      "change_message": ""
    }
  },
  {
    "model": "admin.logentry",
    "pk": 36,
    "fields": {
      "action_time": "2022-10-04T23:45:13.249Z",
      "user": 1,
      "content_type": 6,
      "object_id": "10",
      "object_repr": "minato@gmail.com",
      "action_flag": 3,
      "change_message": ""
    }
  },
  {
    "model": "admin.logentry",
    "pk": 37,
    "fields": {
      "action_time": "2022-10-10T05:01:49.653Z",
      "user": 1,
      "content_type": 8,
      "object_id": "2",
      "object_repr": "Chinese Food",
      "action_flag": 2,
      "change_message": "[{\"changed\": {\"fields\": [\"Is approved\"]}}]"
    }
  },
  {
    "model": "admin.logentry",
    "pk": 38,
    "fields": {
      "action_time": "2022-10-10T05:24:55.732Z",
      "user": 1,
      "content_type": 8,
      "object_id": "2",
      "object_repr": "Chinese Food",
      "action_flag": 2,
      "change_message": "[{\"changed\": {\"fields\": [\"Is approved\"]}}]"
    }
  },
  {
    "model": "admin.logentry",
    "pk": 39,
    "fields": {
      "action_time": "2022-10-10T05:27:34.345Z",
      "user": 1,
      "content_type": 8,
      "object_id": "2",
      "object_repr": "Chinese Food",
      "action_flag": 2,
      "change_message": "[{\"changed\": {\"fields\": [\"Is approved\"]}}]"
    }
  },
  {
    "model": "admin.logentry",
    "pk": 40,
    "fields": {
      "action_time": "2022-10-15T02:13:09.050Z",
      "user": 1,
      "content_type": 8,
      "object_id": "2",
      "object_repr": "Chinese Food",
      "action_flag": 2,
      "change_message": "[{\"changed\": {\"fields\": [\"Is approved\"]}}]"
    }
  },
  {
    "model": "admin.logentry",
    "pk": 41,
    "fields": {
      "action_time": "2022-10-15T02:13:24.703Z",
      "user": 1,
      "content_type": 8,
      "object_id": "2",
      "object_repr": "Chinese Food",
      "action_flag": 2,
      "change_message": "[{\"changed\": {\"fields\": [\"Is approved\"]}}]"
    }
  },
  {
    "model": "admin.logentry",
    "pk": 42,
    "fields": {
      "action_time": "2022-10-17T21:47:09.270Z",
      "user": 1,
      "content_type": 7,
      "object_id": "26",
      "object_repr": "vaghelanand9@gmail.com",
      "action_flag": 2,
      "change_message": "[{\"changed\": {\"fields\": [\"Profile picture\", \"Cover photos\", \"Address line1\", \"Address line2\", \"Country\", \"State\", \"City\", \"Pin code\"]}}]"
    }
  },
  {
    "model": "admin.logentry",
    "pk": 43,
    "fields": {
      "action_time": "2022-10-18T18:54:04.388Z",
      "user": 1,
      "content_type": 7,
      "object_id": "26",
      "object_repr": "vaghelanand9@gmail.com",
      "action_flag": 2,
      "change_message": "[{\"changed\": {\"fields\": [\"Address\"]}}]"
    }
  },
  {
    "model": "admin.logentry",
    "pk": 44,
    "fields": {
      "action_time": "2022-10-22T17:11:30.007Z",
      "user": 1,
      "content_type": 8,
      "object_id": "2",
      "object_repr": "Chinese Food",
      "action_flag": 2,
      "change_message": "[{\"changed\": {\"fields\": [\"Is approved\"]}}]"
    }
  },
  {
    "model": "admin.logentry",
    "pk": 45,
    "fields": {
      "action_time": "2022-10-22T17:11:55.659Z",
      "user": 1,
      "content_type": 8,
      "object_id": "2",
      "object_repr": "Chinese Food",
      "action_flag": 2,
      "change_message": "[{\"changed\": {\"fields\": [\"Is approved\"]}}]"
    }
  },
  {
    "model": "admin.logentry",
    "pk": 46,
    "fields": {
      "action_time": "2022-10-22T17:12:10.101Z",
      "user": 1,
      "content_type": 8,
      "object_id": "2",
      "object_repr": "Chinese Food",
      "action_flag": 2,
      "change_message": "[{\"changed\": {\"fields\": [\"Is approved\"]}}]"
    }
  },
  {
    "model": "admin.logentry",
    "pk": 47,
    "fields": {
      "action_time": "2022-11-07T19:19:31.992Z",
      "user": 1,
      "content_type": 8,
      "object_id": "2",
      "object_repr": "Chinese Food",
      "action_flag": 2,
      "change_message": "[{\"changed\": {\"fields\": [\"Is approved\"]}}]"
    }
  },
  {
    "model": "admin.logentry",
    "pk": 48,
    "fields": {
      "action_time": "2022-11-08T19:31:21.652Z",
      "user": 1,
      "content_type": 10,
      "object_id": "1",
      "object_repr": "Noodles",
      "action_flag": 1,
      "change_message": "[{\"added\": {}}]"
    }
  },
  {
    "model": "admin.logentry",
    "pk": 49,
    "fields": {
      "action_time": "2022-11-08T19:31:50.993Z",
      "user": 1,
      "content_type": 10,
      "object_id": "2",
      "object_repr": "Manchurian",
      "action_flag": 1,
      "change_message": "[{\"added\": {}}]"
    }
  },
  {
    "model": "admin.logentry",
    "pk": 50,
    "fields": {
      "action_time": "2022-11-08T19:32:09.853Z",
      "user": 1,
      "content_type": 10,
      "object_id": "3",
      "object_repr": "Soups",
      "action_flag": 1,
      "change_message": "[{\"added\": {}}]"
    }
  },
  {
    "model": "admin.logentry",
    "pk": 51,
    "fields": {
      "action_time": "2022-11-08T19:32:26.857Z",
      "user": 1,
      "content_type": 10,
      "object_id": "4",
      "object_repr": "Chicken",
      "action_flag": 1,
      "change_message": "[{\"added\": {}}]"
    }
  },
  {
    "model": "admin.logentry",
    "pk": 52,
    "fields": {
      "action_time": "2022-11-08T19:41:21.633Z",
      "user": 1,
      "content_type": 9,
      "object_id": "1",
      "object_repr": "Haka Noodles",
      "action_flag": 1,
      "change_message": "[{\"added\": {}}]"
    }
  },
  {
    "model": "admin.logentry",
    "pk": 53,
    "fields": {
      "action_time": "2022-11-08T19:42:43.255Z",
      "user": 1,
      "content_type": 9,
      "object_id": "2",
      "object_repr": "Gravy Manchurian",
      "action_flag": 1,
      "change_message": "[{\"added\": {}}]"
    }
  },
  {
    "model": "admin.logentry",
    "pk": 54,
    "fields": {
      "action_time": "2022-11-08T19:43:52.547Z",
      "user": 1,
      "content_type": 9,
      "object_id": "3",
      "object_repr": "Tomato Soup",
      "action_flag": 1,
      "change_message": "[{\"added\": {}}]"
    }
  },
  {
    "model": "admin.logentry",
    "pk": 55,
    "fields": {
      "action_time": "2022-11-08T19:44:32.057Z",
      "user": 1,
      "content_type": 9,
      "object_id": "4",
      "object_repr": "Fried Chicken",
      "action_flag": 1,
      "change_message": "[{\"added\": {}}]"
    }
  },
  {
    "model": "admin.logentry",
    "pk": 56,
    "fields": {
      "action_time": "2022-11-08T23:43:59.344Z",
      "user": 1,
      "content_type": 10,
      "object_id": "5",
      "object_repr": "pasta",
      "action_flag": 1,
      "change_message": "[{\"added\": {}}]"
    }
  },
  {
    "model": "admin.logentry",
    "pk": 57,
    "fields": {
      "action_time": "2022-11-10T01:20:07.998Z",
      "user": 1,
      "content_type": 8,
      "object_id": "2",
      "object_repr": "Best Chinese Food",
      "action_flag": 2,
      "change_message": "[{\"changed\": {\"fields\": [\"Is approved\"]}}]"
    }
  },
  {
    "model": "admin.logentry",
    "pk": 58,
    "fields": {
      "action_time": "2022-11-10T01:20:47.624Z",
      "user": 1,
      "content_type": 8,
      "object_id": "2",
      "object_repr": "Best Chinese Food",
      "action_flag": 2,
      "change_message": "[{\"changed\": {\"fields\": [\"Is approved\"]}}]"
    }
  },
  {
    "model": "admin.logentry",
    "pk": 59,
    "fields": {
      "action_time": "2022-11-11T20:57:37.493Z",
      "user": 1,
      "content_type": 10,
      "object_id": "5",
      "object_repr": "pasta",
      "action_flag": 3,
      "change_message": ""
    }
  },
  {
    "model": "admin.logentry",
    "pk": 60,
    "fields": {
      "action_time": "2022-11-11T20:57:45.026Z",
      "user": 1,
      "content_type": 10,
      "object_id": "15",
      "object_repr": "Passta",
      "action_flag": 3,
      "change_message": ""
    }
  },
  {
    "model": "admin.logentry",
    "pk": 61,
    "fields": {
      "action_time": "2022-11-13T03:22:25.209Z",
      "user": 1,
      "content_type": 8,
      "object_id": "3",
      "object_repr": "Memories",
      "action_flag": 2,
      "change_message": "[{\"changed\": {\"fields\": [\"Is approved\"]}}]"
    }
  },
  {
    "model": "admin.logentry",
    "pk": 62,
    "fields": {
      "action_time": "2022-11-16T02:03:28.045Z",
      "user": 1,
      "content_type": 8,
      "object_id": "3",
      "object_repr": "Memories",
      "action_flag": 2,
      "change_message": "[{\"changed\": {\"fields\": [\"Vendor slug\"]}}]"
    }
  },
  {
    "model": "admin.logentry",
    "pk": 63,
    "fields": {
      "action_time": "2022-11-16T02:03:42.026Z",
      "user": 1,
      "content_type": 8,
      "object_id": "2",
      "object_repr": "Best Chinese Food",
      "action_flag": 2,
      "change_message": "[{\"changed\": {\"fields\": [\"Vendor slug\"]}}]"
    }
  },
  {
    "model": "admin.logentry",
    "pk": 64,
    "fields": {
      "action_time": "2022-11-16T05:39:54.199Z",
      "user": 1,
      "content_type": 8,
      "object_id": "4",
      "object_repr": "Burger's Sensei",
      "action_flag": 3,
      "change_message": ""
    }
  },
  {
    "model": "admin.logentry",
    "pk": 65,
    "fields": {
      "action_time": "2022-11-22T23:48:56.747Z",
      "user": 1,
      "content_type": 11,
      "object_id": "8",
      "object_repr": "Cart object (8)",
      "action_flag": 3,
      "change_message": ""
    }
  },
  {
    "model": "admin.logentry",
    "pk": 66,
    "fields": {
      "action_time": "2022-11-22T23:48:56.755Z",
      "user": 1,
      "content_type": 11,
      "object_id": "7",
      "object_repr": "Cart object (7)",
      "action_flag": 3,
      "change_message": ""
    }
  },
  {
    "model": "admin.logentry",
    "pk": 67,
    "fields": {
      "action_time": "2022-11-22T23:54:56.502Z",
      "user": 1,
      "content_type": 11,
      "object_id": "6",
      "object_repr": "Cart object (6)",
      "action_flag": 3,
      "change_message": ""
    }
  },
  {
    "model": "admin.logentry",
    "pk": 68,
    "fields": {
      "action_time": "2022-11-22T23:54:56.507Z",
      "user": 1,
      "content_type": 11,
      "object_id": "5",
      "object_repr": "Cart object (5)",
      "action_flag": 3,
      "change_message": ""
    }
  },
  {
    "model": "admin.logentry",
    "pk": 69,
    "fields": {
      "action_time": "2022-11-22T23:54:56.508Z",
      "user": 1,
      "content_type": 11,
      "object_id": "4",
      "object_repr": "Cart object (4)",
      "action_flag": 3,
      "change_message": ""
    }
  },
  {
    "model": "admin.logentry",
    "pk": 70,
    "fields": {
      "action_time": "2022-11-22T23:54:56.510Z",
      "user": 1,
      "content_type": 11,
      "object_id": "3",
      "object_repr": "Cart object (3)",
      "action_flag": 3,
      "change_message": ""
    }
  },
  {
    "model": "admin.logentry",
    "pk": 71,
    "fields": {
      "action_time": "2022-11-22T23:54:56.511Z",
      "user": 1,
      "content_type": 11,
      "object_id": "2",
      "object_repr": "Cart object (2)",
      "action_flag": 3,
      "change_message": ""
    }
  },
  {
    "model": "admin.logentry",
    "pk": 72,
    "fields": {
      "action_time": "2022-11-22T23:54:56.513Z",
      "user": 1,
      "content_type": 11,
      "object_id": "1",
      "object_repr": "Cart object (1)",
      "action_flag": 3,
      "change_message": ""
    }
  },
  {
    "model": "admin.logentry",
    "pk": 73,
    "fields": {
      "action_time": "2022-11-22T23:55:21.608Z",
      "user": 1,
      "content_type": 11,
      "object_id": "10",
      "object_repr": "Cart object (10)",
      "action_flag": 3,
      "change_message": ""
    }
  },
  {
    "model": "admin.logentry",
    "pk": 74,
    "fields": {
      "action_time": "2022-11-22T23:55:21.612Z",
      "user": 1,
      "content_type": 11,
      "object_id": "9",
      "object_repr": "Cart object (9)",
      "action_flag": 3,
      "change_message": ""
    }
  },
  {
    "model": "admin.logentry",
    "pk": 75,
    "fields": {
      "action_time": "2022-11-24T19:51:03.742Z",
      "user": 1,
      "content_type": 11,
      "object_id": "24",
      "object_repr": "Cart object (24)",
      "action_flag": 3,
      "change_message": ""
    }
  },
  {
    "model": "admin.logentry",
    "pk": 76,
    "fields": {
      "action_time": "2022-11-29T21:42:00.049Z",
      "user": 1,
      "content_type": 8,
      "object_id": "5",
      "object_repr": "restaurant1",
      "action_flag": 2,
      "change_message": "[{\"changed\": {\"fields\": [\"Is approved\"]}}]"
    }
  },
  {
    "model": "admin.logentry",
    "pk": 77,
    "fields": {
      "action_time": "2022-11-29T21:42:33.783Z",
      "user": 1,
      "content_type": 7,
      "object_id": "29",
      "object_repr": "restaurant1@gmail.com",
      "action_flag": 2,
      "change_message": "[{\"changed\": {\"fields\": [\"Profile picture\", \"Cover photos\"]}}]"
    }
  },
  {
    "model": "admin.logentry",
    "pk": 78,
    "fields": {
      "action_time": "2022-11-29T21:42:59.316Z",
      "user": 1,
      "content_type": 6,
      "object_id": "28",
      "object_repr": "restaurant1@gmail.com",
      "action_flag": 2,
      "change_message": "[{\"changed\": {\"fields\": [\"Is active\"]}}]"
    }
  },
  {
    "model": "admin.logentry",
    "pk": 79,
    "fields": {
      "action_time": "2022-11-29T21:50:15.364Z",
      "user": 1,
      "content_type": 8,
      "object_id": "6",
      "object_repr": "Pizza Guy",
      "action_flag": 2,
      "change_message": "[{\"changed\": {\"fields\": [\"Is approved\"]}}]"
    }
  },
  {
    "model": "admin.logentry",
    "pk": 80,
    "fields": {
      "action_time": "2022-11-29T21:50:22.049Z",
      "user": 1,
      "content_type": 6,
      "object_id": "29",
      "object_repr": "restaurant2@gmail.com",
      "action_flag": 2,
      "change_message": "[{\"changed\": {\"fields\": [\"Is active\"]}}]"
    }
  },
  {
    "model": "admin.logentry",
    "pk": 81,
    "fields": {
      "action_time": "2022-12-02T03:06:32.498Z",
      "user": 1,
      "content_type": 7,
      "object_id": "29",
      "object_repr": "restaurant1@gmail.com",
      "action_flag": 2,
      "change_message": "[]"
    }
  },
  {
    "model": "admin.logentry",
    "pk": 82,
    "fields": {
      "action_time": "2022-12-02T03:13:53.151Z",
      "user": 1,
      "content_type": 7,
      "object_id": "30",
      "object_repr": "restaurant2@gmail.com",
      "action_flag": 2,
      "change_message": "[]"
    }
  },
  {
    "model": "admin.logentry",
    "pk": 83,
    "fields": {
      "action_time": "2022-12-02T03:14:18.267Z",
      "user": 1,
      "content_type": 7,
      "object_id": "27",
      "object_repr": "nandvaghela.dev@gmail.com",
      "action_flag": 2,
      "change_message": "[]"
    }
  },
  {
    "model": "admin.logentry",
    "pk": 84,
    "fields": {
      "action_time": "2022-12-02T03:14:30.788Z",
      "user": 1,
      "content_type": 7,
      "object_id": "26",
      "object_repr": "vaghelanand9@gmail.com",
      "action_flag": 2,
      "change_message": "[]"
    }
  },
  {
    "model": "admin.logentry",
    "pk": 85,
    "fields": {
      "action_time": "2022-12-05T12:42:44.904Z",
      "user": 1,
      "content_type": 12,
      "object_id": "1",
      "object_repr": "Monday",
      "action_flag": 1,
      "change_message": "[{\"added\": {}}]"
    }
  },
  {
    "model": "admin.logentry",
    "pk": 86,
    "fields": {
      "action_time": "2022-12-06T02:02:31.645Z",
      "user": 1,
      "content_type": 13,
      "object_id": "1",
      "object_repr": "CGST",
      "action_flag": 1,
      "change_message": "[{\"added\": {}}]"
    }
  },
  {
    "model": "admin.logentry",
    "pk": 87,
    "fields": {
      "action_time": "2022-12-06T02:03:05.181Z",
      "user": 1,
      "content_type": 13,
      "object_id": "2",
      "object_repr": "SGST",
      "action_flag": 1,
      "change_message": "[{\"added\": {}}]"
    }
  },
  {
    "model": "admin.logentry",
    "pk": 88,
    "fields": {
      "action_time": "2022-12-06T02:08:03.848Z",
      "user": 1,
      "content_type": 13,
      "object_id": "2",
      "object_repr": "SGST",
      "action_flag": 3,
      "change_message": ""
    }
  },
  {
    "model": "admin.logentry",
    "pk": 89,
    "fields": {
      "action_time": "2022-12-06T02:08:03.852Z",
      "user": 1,
      "content_type": 13,
      "object_id": "1",
      "object_repr": "CGST",
      "action_flag": 3,
      "change_message": ""
    }
  },
  {
    "model": "admin.logentry",
    "pk": 90,
    "fields": {
      "action_time": "2022-12-06T02:08:17.984Z",
      "user": 1,
      "content_type": 13,
      "object_id": "3",
      "object_repr": "HST",
      "action_flag": 1,
      "change_message": "[{\"added\": {}}]"
    }
  },
  {
    "model": "admin.logentry",
    "pk": 91,
    "fields": {
      "action_time": "2022-12-07T02:21:35.681Z",
      "user": 1,
      "content_type": 7,
      "object_id": "25",
      "object_repr": "vaghelanandkumar@gmail.com",
      "action_flag": 2,
      "change_message": "[{\"changed\": {\"fields\": [\"Country\"]}}]"
    }
  },
  {
    "model": "admin.logentry",
    "pk": 92,
    "fields": {
      "action_time": "2022-12-07T06:45:25.641Z",
      "user": 1,
      "content_type": 14,
      "object_id": "5",
      "object_repr": "",
      "action_flag": 3,
      "change_message": ""
    }
  },
  {
    "model": "admin.logentry",
    "pk": 93,
    "fields": {
      "action_time": "2022-12-07T06:45:25.644Z",
      "user": 1,
      "content_type": 14,
      "object_id": "4",
      "object_repr": "",
      "action_flag": 3,
      "change_message": ""
    }
  },
  {
    "model": "admin.logentry",
    "pk": 94,
    "fields": {
      "action_time": "2022-12-11T17:48:49.267Z",
      "user": 1,
      "content_type": 14,
      "object_id": "37",
      "object_repr": "2022120822573337",
      "action_flag": 3,
      "change_message": ""
    }
  },
  {
    "model": "admin.logentry",
    "pk": 95,
    "fields": {
      "action_time": "2022-12-11T17:48:49.274Z",
      "user": 1,
      "content_type": 14,
      "object_id": "36",
      "object_repr": "2022120822223036",
      "action_flag": 3,
      "change_message": ""
    }
  },
  {
    "model": "admin.logentry",
    "pk": 96,
    "fields": {
      "action_time": "2022-12-11T17:48:49.275Z",
      "user": 1,
      "content_type": 14,
      "object_id": "35",
      "object_repr": "2022120822132935",
      "action_flag": 3,
      "change_message": ""
    }
  },
  {
    "model": "admin.logentry",
    "pk": 97,
    "fields": {
      "action_time": "2022-12-11T17:48:49.276Z",
      "user": 1,
      "content_type": 14,
      "object_id": "34",
      "object_repr": "2022120821014934",
      "action_flag": 3,
      "change_message": ""
    }
  },
  {
    "model": "admin.logentry",
    "pk": 98,
    "fields": {
      "action_time": "2022-12-11T17:48:49.277Z",
      "user": 1,
      "content_type": 14,
      "object_id": "33",
      "object_repr": "2022120807350733",
      "action_flag": 3,
      "change_message": ""
    }
  },
  {
    "model": "admin.logentry",
    "pk": 99,
    "fields": {
      "action_time": "2022-12-11T17:48:49.278Z",
      "user": 1,
      "content_type": 14,
      "object_id": "32",
      "object_repr": "2022120807274932",
      "action_flag": 3,
      "change_message": ""
    }
  },
  {
    "model": "admin.logentry",
    "pk": 100,
    "fields": {
      "action_time": "2022-12-11T17:48:49.279Z",
      "user": 1,
      "content_type": 14,
      "object_id": "31",
      "object_repr": "2022120807241731",
      "action_flag": 3,
      "change_message": ""
    }
  },
  {
    "model": "admin.logentry",
    "pk": 101,
    "fields": {
      "action_time": "2022-12-11T17:48:49.279Z",
      "user": 1,
      "content_type": 14,
      "object_id": "30",
      "object_repr": "2022120807231630",
      "action_flag": 3,
      "change_message": ""
    }
  },
  {
    "model": "admin.logentry",
    "pk": 102,
    "fields": {
      "action_time": "2022-12-11T17:48:49.280Z",
      "user": 1,
      "content_type": 14,
      "object_id": "29",
      "object_repr": "2022120807222729",
      "action_flag": 3,
      "change_message": ""
    }
  },
  {
    "model": "admin.logentry",
    "pk": 103,
    "fields": {
      "action_time": "2022-12-11T17:48:49.281Z",
      "user": 1,
      "content_type": 14,
      "object_id": "28",
      "object_repr": "2022120807160028",
      "action_flag": 3,
      "change_message": ""
    }
  },
  {
    "model": "admin.logentry",
    "pk": 104,
    "fields": {
      "action_time": "2022-12-11T17:48:49.281Z",
      "user": 1,
      "content_type": 14,
      "object_id": "27",
      "object_repr": "2022120807112427",
      "action_flag": 3,
      "change_message": ""
    }
  },
  {
    "model": "admin.logentry",
    "pk": 105,
    "fields": {
      "action_time": "2022-12-11T17:48:49.282Z",
      "user": 1,
      "content_type": 14,
      "object_id": "26",
      "object_repr": "2022120807031226",
      "action_flag": 3,
      "change_message": ""
    }
  },
  {
    "model": "admin.logentry",
    "pk": 106,
    "fields": {
      "action_time": "2022-12-11T17:48:49.283Z",
      "user": 1,
      "content_type": 14,
      "object_id": "25",
      "object_repr": "2022120807013825",
      "action_flag": 3,
      "change_message": ""
    }
  },
  {
    "model": "admin.logentry",
    "pk": 107,
    "fields": {
      "action_time": "2022-12-11T17:48:49.283Z",
      "user": 1,
      "content_type": 14,
      "object_id": "24",
      "object_repr": "2022120807000124",
      "action_flag": 3,
      "change_message": ""
    }
  },
  {
    "model": "admin.logentry",
    "pk": 108,
    "fields": {
      "action_time": "2022-12-11T17:48:49.284Z",
      "user": 1,
      "content_type": 14,
      "object_id": "23",
      "object_repr": "2022120806365523",
      "action_flag": 3,
      "change_message": ""
    }
  },
  {
    "model": "admin.logentry",
    "pk": 109,
    "fields": {
      "action_time": "2022-12-11T17:48:49.284Z",
      "user": 1,
      "content_type": 14,
      "object_id": "22",
      "object_repr": "2022120806281322",
      "action_flag": 3,
      "change_message": ""
    }
  },
  {
    "model": "admin.logentry",
    "pk": 110,
    "fields": {
      "action_time": "2022-12-11T17:48:49.285Z",
      "user": 1,
      "content_type": 14,
      "object_id": "21",
      "object_repr": "2022120806134021",
      "action_flag": 3,
      "change_message": ""
    }
  },
  {
    "model": "admin.logentry",
    "pk": 111,
    "fields": {
      "action_time": "2022-12-11T17:48:49.286Z",
      "user": 1,
      "content_type": 14,
      "object_id": "20",
      "object_repr": "2022120806053120",
      "action_flag": 3,
      "change_message": ""
    }
  },
  {
    "model": "admin.logentry",
    "pk": 112,
    "fields": {
      "action_time": "2022-12-11T17:48:49.287Z",
      "user": 1,
      "content_type": 14,
      "object_id": "19",
      "object_repr": "2022120805491319",
      "action_flag": 3,
      "change_message": ""
    }
  },
  {
    "model": "admin.logentry",
    "pk": 113,
    "fields": {
      "action_time": "2022-12-11T17:48:49.288Z",
      "user": 1,
      "content_type": 14,
      "object_id": "18",
      "object_repr": "2022120805482718",
      "action_flag": 3,
      "change_message": ""
    }
  },
  {
    "model": "admin.logentry",
    "pk": 114,
    "fields": {
      "action_time": "2022-12-11T17:48:49.288Z",
      "user": 1,
      "content_type": 14,
      "object_id": "17",
      "object_repr": "2022120805482117",
      "action_flag": 3,
      "change_message": ""
    }
  },
  {
    "model": "admin.logentry",
    "pk": 115,
    "fields": {
      "action_time": "2022-12-11T17:48:49.289Z",
      "user": 1,
      "content_type": 14,
      "object_id": "16",
      "object_repr": "2022120805463216",
      "action_flag": 3,
      "change_message": ""
    }
  },
  {
    "model": "admin.logentry",
    "pk": 116,
    "fields": {
      "action_time": "2022-12-11T17:48:49.290Z",
      "user": 1,
      "content_type": 14,
      "object_id": "15",
      "object_repr": "2022120805404415",
      "action_flag": 3,
      "change_message": ""
    }
  },
  {
    "model": "admin.logentry",
    "pk": 117,
    "fields": {
      "action_time": "2022-12-11T17:48:49.292Z",
      "user": 1,
      "content_type": 14,
      "object_id": "14",
      "object_repr": "2022120805364414",
      "action_flag": 3,
      "change_message": ""
    }
  },
  {
    "model": "admin.logentry",
    "pk": 118,
    "fields": {
      "action_time": "2022-12-11T17:48:49.297Z",
      "user": 1,
      "content_type": 14,
      "object_id": "13",
      "object_repr": "2022120803135813",
      "action_flag": 3,
      "change_message": ""
    }
  },
  {
    "model": "admin.logentry",
    "pk": 119,
    "fields": {
      "action_time": "2022-12-11T17:48:49.298Z",
      "user": 1,
      "content_type": 14,
      "object_id": "12",
      "object_repr": "2022120803093212",
      "action_flag": 3,
      "change_message": ""
    }
  },
  {
    "model": "admin.logentry",
    "pk": 120,
    "fields": {
      "action_time": "2022-12-11T17:48:49.299Z",
      "user": 1,
      "content_type": 14,
      "object_id": "11",
      "object_repr": "2022120803074111",
      "action_flag": 3,
      "change_message": ""
    }
  },
  {
    "model": "admin.logentry",
    "pk": 121,
    "fields": {
      "action_time": "2022-12-11T17:48:49.300Z",
      "user": 1,
      "content_type": 14,
      "object_id": "10",
      "object_repr": "2022120803065510",
      "action_flag": 3,
      "change_message": ""
    }
  },
  {
    "model": "admin.logentry",
    "pk": 122,
    "fields": {
      "action_time": "2022-12-11T17:48:49.301Z",
      "user": 1,
      "content_type": 14,
      "object_id": "9",
      "object_repr": "202212080218559",
      "action_flag": 3,
      "change_message": ""
    }
  },
  {
    "model": "admin.logentry",
    "pk": 123,
    "fields": {
      "action_time": "2022-12-11T17:48:49.301Z",
      "user": 1,
      "content_type": 14,
      "object_id": "8",
      "object_repr": "202212080202588",
      "action_flag": 3,
      "change_message": ""
    }
  },
  {
    "model": "admin.logentry",
    "pk": 124,
    "fields": {
      "action_time": "2022-12-11T17:48:49.302Z",
      "user": 1,
      "content_type": 14,
      "object_id": "7",
      "object_repr": "202212070647057",
      "action_flag": 3,
      "change_message": ""
    }
  },
  {
    "model": "admin.logentry",
    "pk": 125,
    "fields": {
      "action_time": "2022-12-11T17:48:49.302Z",
      "user": 1,
      "content_type": 14,
      "object_id": "6",
      "object_repr": "20221207Dec16703955056",
      "action_flag": 3,
      "change_message": ""
    }
  },
  {
    "model": "admin.logentry",
    "pk": 126,
    "fields": {
      "action_time": "2022-12-11T17:48:49.304Z",
      "user": 1,
      "content_type": 14,
      "object_id": "1",
      "object_repr": "100",
      "action_flag": 3,
      "change_message": ""
    }
  },
  {
    "model": "admin.logentry",
    "pk": 127,
    "fields": {
      "action_time": "2022-12-11T17:55:31.555Z",
      "user": 1,
      "content_type": 14,
      "object_id": "38",
      "object_repr": "787878787878",
      "action_flag": 1,
      "change_message": "[{\"added\": {}}]"
    }
  },
  {
    "model": "admin.logentry",
    "pk": 128,
    "fields": {
      "action_time": "2022-12-11T18:00:04.547Z",
      "user": 1,
      "content_type": 14,
      "object_id": "39",
      "object_repr": "8787458748754",
      "action_flag": 1,
      "change_message": "[{\"added\": {}}]"
    }
  },
  {
    "model": "admin.logentry",
    "pk": 129,
    "fields": {
      "action_time": "2022-12-11T18:04:35.097Z",
      "user": 1,
      "content_type": 14,
      "object_id": "40",
      "object_repr": "85475864738",
      "action_flag": 1,
      "change_message": "[{\"added\": {}}]"
    }
  },
  {
    "model": "admin.logentry",
    "pk": 130,
    "fields": {
      "action_time": "2022-12-11T18:04:44.049Z",
      "user": 1,
      "content_type": 14,
      "object_id": "40",
      "object_repr": "85475864738",
      "action_flag": 2,
      "change_message": "[{\"changed\": {\"fields\": [\"Is ordered\"]}}]"
    }
  },
  {
    "model": "admin.logentry",
    "pk": 131,
    "fields": {
      "action_time": "2022-12-11T21:59:20.950Z",
      "user": 1,
      "content_type": 8,
      "object_id": "7",
      "object_repr": "restaurant123",
      "action_flag": 2,
      "change_message": "[{\"changed\": {\"fields\": [\"Is approved\"]}}]"
    }
  },
  {
    "model": "admin.logentry",
    "pk": 132,
    "fields": {
      "action_time": "2022-12-11T22:00:26.180Z",
      "user": 1,
      "content_type": 6,
      "object_id": "30",
      "object_repr": "restaurant3@gmail.com",
      "action_flag": 2,
      "change_message": "[{\"changed\": {\"fields\": [\"Is active\"]}}]"
    }
  },
  {
    "model": "admin.logentry",
    "pk": 133,
    "fields": {
      "action_time": "2022-12-11T22:10:02.241Z",
      "user": 1,
      "content_type": 8,
      "object_id": "2",
      "object_repr": "Best Chinese Food",
      "action_flag": 2,
      "change_message": "[{\"changed\": {\"fields\": [\"Is approved\"]}}]"
    }
  },
  {
    "model": "admin.logentry",
    "pk": 134,
    "fields": {
      "action_time": "2022-12-11T22:10:19.641Z",
      "user": 1,
      "content_type": 8,
      "object_id": "2",
      "object_repr": "Best Chinese Food",
      "action_flag": 2,
      "change_message": "[{\"changed\": {\"fields\": [\"Is approved\"]}}]"
    }
  },
  {
    "model": "admin.logentry",
    "pk": 135,
    "fields": {
      "action_time": "2022-12-12T06:45:43.719Z",
      "user": 1,
      "content_type": 14,
      "object_id": "40",
      "object_repr": "85475864738",
      "action_flag": 3,
      "change_message": ""
    }
  },
  {
    "model": "admin.logentry",
    "pk": 136,
    "fields": {
      "action_time": "2022-12-12T06:45:43.728Z",
      "user": 1,
      "content_type": 14,
      "object_id": "39",
      "object_repr": "8787458748754",
      "action_flag": 3,
      "change_message": ""
    }
  },
  {
    "model": "admin.logentry",
    "pk": 137,
    "fields": {
      "action_time": "2022-12-12T06:45:43.729Z",
      "user": 1,
      "content_type": 14,
      "object_id": "38",
      "object_repr": "787878787878",
      "action_flag": 3,
      "change_message": ""
    }
  },
  {
    "model": "admin.logentry",
    "pk": 138,
    "fields": {
      "action_time": "2022-12-12T06:46:13.320Z",
      "user": 1,
      "content_type": 14,
      "object_id": "44",
      "object_repr": "2022121206140544",
      "action_flag": 2,
      "change_message": "[{\"changed\": {\"fields\": [\"Vendors\", \"Is ordered\"]}}]"
    }
  },
  {
    "model": "admin.logentry",
    "pk": 139,
    "fields": {
      "action_time": "2022-12-12T06:46:33.578Z",
      "user": 1,
      "content_type": 14,
      "object_id": "43",
      "object_repr": "2022121206111543",
      "action_flag": 2,
      "change_message": "[{\"changed\": {\"fields\": [\"Vendors\"]}}]"
    }
  },
  {
    "model": "admin.logentry",
    "pk": 140,
    "fields": {
      "action_time": "2022-12-12T06:46:49.540Z",
      "user": 1,
      "content_type": 14,
      "object_id": "42",
      "object_repr": "2022121205501042",
      "action_flag": 2,
      "change_message": "[{\"changed\": {\"fields\": [\"Vendors\"]}}]"
    }
  },
  {
    "model": "admin.logentry",
    "pk": 141,
    "fields": {
      "action_time": "2022-12-12T06:46:59.566Z",
      "user": 1,
      "content_type": 14,
      "object_id": "41",
      "object_repr": "2022121122073341",
      "action_flag": 2,
      "change_message": "[{\"changed\": {\"fields\": [\"Vendors\"]}}]"
    }
  },
  {
    "model": "admin.logentry",
    "pk": 142,
    "fields": {
      "action_time": "2022-12-12T06:48:54.276Z",
      "user": 1,
      "content_type": 14,
      "object_id": "44",
      "object_repr": "2022121206140544",
      "action_flag": 3,
      "change_message": ""
    }
  },
  {
    "model": "admin.logentry",
    "pk": 143,
    "fields": {
      "action_time": "2022-12-12T06:49:49.173Z",
      "user": 1,
      "content_type": 14,
      "object_id": "43",
      "object_repr": "2022121206111543",
      "action_flag": 3,
      "change_message": ""
    }
  },
  {
    "model": "admin.logentry",
    "pk": 144,
    "fields": {
      "action_time": "2022-12-12T06:49:49.178Z",
      "user": 1,
      "content_type": 14,
      "object_id": "42",
      "object_repr": "2022121205501042",
      "action_flag": 3,
      "change_message": ""
    }
  },
  {
    "model": "admin.logentry",
    "pk": 145,
    "fields": {
      "action_time": "2022-12-12T06:49:49.180Z",
      "user": 1,
      "content_type": 14,
      "object_id": "41",
      "object_repr": "2022121122073341",
      "action_flag": 3,
      "change_message": ""
    }
  },
  {
    "model": "admin.logentry",
    "pk": 146,
    "fields": {
      "action_time": "2022-12-12T09:51:53.435Z",
      "user": 1,
      "content_type": 14,
      "object_id": "59",
      "object_repr": "2022121208224759",
      "action_flag": 3,
      "change_message": ""
    }
  },
  {
    "model": "admin.logentry",
    "pk": 147,
    "fields": {
      "action_time": "2022-12-12T09:51:53.438Z",
      "user": 1,
      "content_type": 14,
      "object_id": "58",
      "object_repr": "2022121208204458",
      "action_flag": 3,
      "change_message": ""
    }
  },
  {
    "model": "admin.logentry",
    "pk": 148,
    "fields": {
      "action_time": "2022-12-12T09:51:53.439Z",
      "user": 1,
      "content_type": 14,
      "object_id": "57",
      "object_repr": "2022121208055457",
      "action_flag": 3,
      "change_message": ""
    }
  },
  {
    "model": "admin.logentry",
    "pk": 149,
    "fields": {
      "action_time": "2022-12-12T09:51:53.440Z",
      "user": 1,
      "content_type": 14,
      "object_id": "56",
      "object_repr": "2022121208004656",
      "action_flag": 3,
      "change_message": ""
    }
  },
  {
    "model": "admin.logentry",
    "pk": 150,
    "fields": {
      "action_time": "2022-12-12T09:51:53.441Z",
      "user": 1,
      "content_type": 14,
      "object_id": "55",
      "object_repr": "2022121207581555",
      "action_flag": 3,
      "change_message": ""
    }
  },
  {
    "model": "admin.logentry",
    "pk": 151,
    "fields": {
      "action_time": "2022-12-12T09:51:53.442Z",
      "user": 1,
      "content_type": 14,
      "object_id": "54",
      "object_repr": "2022121207440054",
      "action_flag": 3,
      "change_message": ""
    }
  },
  {
    "model": "admin.logentry",
    "pk": 152,
    "fields": {
      "action_time": "2022-12-12T09:51:53.444Z",
      "user": 1,
      "content_type": 14,
      "object_id": "53",
      "object_repr": "2022121207430453",
      "action_flag": 3,
      "change_message": ""
    }
  },
  {
    "model": "admin.logentry",
    "pk": 153,
    "fields": {
      "action_time": "2022-12-12T09:51:53.444Z",
      "user": 1,
      "content_type": 14,
      "object_id": "52",
      "object_repr": "2022121207411952",
      "action_flag": 3,
      "change_message": ""
    }
  },
  {
    "model": "admin.logentry",
    "pk": 154,
    "fields": {
      "action_time": "2022-12-12T09:51:53.445Z",
      "user": 1,
      "content_type": 14,
      "object_id": "51",
      "object_repr": "2022121207370451",
      "action_flag": 3,
      "change_message": ""
    }
  },
  {
    "model": "admin.logentry",
    "pk": 155,
    "fields": {
      "action_time": "2022-12-12T09:51:53.446Z",
      "user": 1,
      "content_type": 14,
      "object_id": "50",
      "object_repr": "2022121207362550",
      "action_flag": 3,
      "change_message": ""
    }
  },
  {
    "model": "admin.logentry",
    "pk": 156,
    "fields": {
      "action_time": "2022-12-12T09:51:53.447Z",
      "user": 1,
      "content_type": 14,
      "object_id": "49",
      "object_repr": "2022121207340549",
      "action_flag": 3,
      "change_message": ""
    }
  },
  {
    "model": "admin.logentry",
    "pk": 157,
    "fields": {
      "action_time": "2022-12-12T09:51:53.448Z",
      "user": 1,
      "content_type": 14,
      "object_id": "48",
      "object_repr": "2022121206520048",
      "action_flag": 3,
      "change_message": ""
    }
  },
  {
    "model": "admin.logentry",
    "pk": 158,
    "fields": {
      "action_time": "2022-12-12T09:51:53.449Z",
      "user": 1,
      "content_type": 14,
      "object_id": "47",
      "object_repr": "2022121206511047",
      "action_flag": 3,
      "change_message": ""
    }
  },
  {
    "model": "admin.logentry",
    "pk": 159,
    "fields": {
      "action_time": "2022-12-12T09:51:53.449Z",
      "user": 1,
      "content_type": 14,
      "object_id": "46",
      "object_repr": "2022121206503046",
      "action_flag": 3,
      "change_message": ""
    }
  },
  {
    "model": "admin.logentry",
    "pk": 160,
    "fields": {
      "action_time": "2022-12-12T09:51:53.450Z",
      "user": 1,
      "content_type": 14,
      "object_id": "45",
      "object_repr": "2022121206154845",
      "action_flag": 3,
      "change_message": ""
    }
  },
  {
    "model": "admin.logentry",
    "pk": 161,
    "fields": {
      "action_time": "2022-12-12T10:41:30.094Z",
      "user": 1,
      "content_type": 6,
      "object_id": "31",
      "object_repr": "nandvaghela1@gmail.com",
      "action_flag": 3,
      "change_message": ""
    }
  },
  {
    "model": "admin.logentry",
    "pk": 162,
    "fields": {
      "action_time": "2022-12-12T10:42:12.139Z",
      "user": 1,
      "content_type": 6,
      "object_id": "30",
      "object_repr": "restaurant3@gmail.com",
      "action_flag": 3,
      "change_message": ""
    }
  },
  {
    "model": "admin.logentry",
    "pk": 163,
    "fields": {
      "action_time": "2022-12-12T11:38:39.052Z",
      "user": 1,
      "content_type": 6,
      "object_id": "32",
      "object_repr": "nandvaghela1@gmail.com",
      "action_flag": 3,
      "change_message": ""
    }
  },
  {
    "model": "admin.logentry",
    "pk": 164,
    "fields": {
      "action_time": "2022-12-12T11:43:07.327Z",
      "user": 1,
      "content_type": 6,
      "object_id": "33",
      "object_repr": "nandvaghela1@gmail.com",
      "action_flag": 3,
      "change_message": ""
    }
  },
  {
    "model": "admin.logentry",
    "pk": 165,
    "fields": {
      "action_time": "2022-12-12T13:07:45.352Z",
      "user": 1,
      "content_type": 8,
      "object_id": "8",
      "object_repr": "mj's tea point",
      "action_flag": 2,
      "change_message": "[{\"changed\": {\"fields\": [\"Is approved\"]}}]"
    }
  },
  {
    "model": "admin.logentry",
    "pk": 166,
    "fields": {
      "action_time": "2022-12-12T13:07:47.203Z",
      "user": 1,
      "content_type": 8,
      "object_id": "2",
      "object_repr": "Best Chinese Food",
      "action_flag": 2,
      "change_message": "[{\"changed\": {\"fields\": [\"Is approved\"]}}]"
    }
  },
  {
    "model": "admin.logentry",
    "pk": 167,
    "fields": {
      "action_time": "2022-12-12T13:08:29.258Z",
      "user": 1,
      "content_type": 8,
      "object_id": "2",
      "object_repr": "Best Chinese Food",
      "action_flag": 2,
      "change_message": "[{\"changed\": {\"fields\": [\"Is approved\"]}}]"
    }
  },
  {
    "model": "auth.permission",
    "pk": 1,
    "fields": {
      "name": "Can add log entry",
      "content_type": 1,
      "codename": "add_logentry"
    }
  },
  {
    "model": "auth.permission",
    "pk": 2,
    "fields": {
      "name": "Can change log entry",
      "content_type": 1,
      "codename": "change_logentry"
    }
  },
  {
    "model": "auth.permission",
    "pk": 3,
    "fields": {
      "name": "Can delete log entry",
      "content_type": 1,
      "codename": "delete_logentry"
    }
  },
  {
    "model": "auth.permission",
    "pk": 4,
    "fields": {
      "name": "Can view log entry",
      "content_type": 1,
      "codename": "view_logentry"
    }
  },
  {
    "model": "auth.permission",
    "pk": 5,
    "fields": {
      "name": "Can add permission",
      "content_type": 2,
      "codename": "add_permission"
    }
  },
  {
    "model": "auth.permission",
    "pk": 6,
    "fields": {
      "name": "Can change permission",
      "content_type": 2,
      "codename": "change_permission"
    }
  },
  {
    "model": "auth.permission",
    "pk": 7,
    "fields": {
      "name": "Can delete permission",
      "content_type": 2,
      "codename": "delete_permission"
    }
  },
  {
    "model": "auth.permission",
    "pk": 8,
    "fields": {
      "name": "Can view permission",
      "content_type": 2,
      "codename": "view_permission"
    }
  },
  {
    "model": "auth.permission",
    "pk": 9,
    "fields": {
      "name": "Can add group",
      "content_type": 3,
      "codename": "add_group"
    }
  },
  {
    "model": "auth.permission",
    "pk": 10,
    "fields": {
      "name": "Can change group",
      "content_type": 3,
      "codename": "change_group"
    }
  },
  {
    "model": "auth.permission",
    "pk": 11,
    "fields": {
      "name": "Can delete group",
      "content_type": 3,
      "codename": "delete_group"
    }
  },
  {
    "model": "auth.permission",
    "pk": 12,
    "fields": {
      "name": "Can view group",
      "content_type": 3,
      "codename": "view_group"
    }
  },
  {
    "model": "auth.permission",
    "pk": 13,
    "fields": {
      "name": "Can add content type",
      "content_type": 4,
      "codename": "add_contenttype"
    }
  },
  {
    "model": "auth.permission",
    "pk": 14,
    "fields": {
      "name": "Can change content type",
      "content_type": 4,
      "codename": "change_contenttype"
    }
  },
  {
    "model": "auth.permission",
    "pk": 15,
    "fields": {
      "name": "Can delete content type",
      "content_type": 4,
      "codename": "delete_contenttype"
    }
  },
  {
    "model": "auth.permission",
    "pk": 16,
    "fields": {
      "name": "Can view content type",
      "content_type": 4,
      "codename": "view_contenttype"
    }
  },
  {
    "model": "auth.permission",
    "pk": 17,
    "fields": {
      "name": "Can add session",
      "content_type": 5,
      "codename": "add_session"
    }
  },
  {
    "model": "auth.permission",
    "pk": 18,
    "fields": {
      "name": "Can change session",
      "content_type": 5,
      "codename": "change_session"
    }
  },
  {
    "model": "auth.permission",
    "pk": 19,
    "fields": {
      "name": "Can delete session",
      "content_type": 5,
      "codename": "delete_session"
    }
  },
  {
    "model": "auth.permission",
    "pk": 20,
    "fields": {
      "name": "Can view session",
      "content_type": 5,
      "codename": "view_session"
    }
  },
  {
    "model": "auth.permission",
    "pk": 21,
    "fields": {
      "name": "Can add user",
      "content_type": 6,
      "codename": "add_user"
    }
  },
  {
    "model": "auth.permission",
    "pk": 22,
    "fields": {
      "name": "Can change user",
      "content_type": 6,
      "codename": "change_user"
    }
  },
  {
    "model": "auth.permission",
    "pk": 23,
    "fields": {
      "name": "Can delete user",
      "content_type": 6,
      "codename": "delete_user"
    }
  },
  {
    "model": "auth.permission",
    "pk": 24,
    "fields": {
      "name": "Can view user",
      "content_type": 6,
      "codename": "view_user"
    }
  },
  {
    "model": "auth.permission",
    "pk": 25,
    "fields": {
      "name": "Can add user profile",
      "content_type": 7,
      "codename": "add_userprofile"
    }
  },
  {
    "model": "auth.permission",
    "pk": 26,
    "fields": {
      "name": "Can change user profile",
      "content_type": 7,
      "codename": "change_userprofile"
    }
  },
  {
    "model": "auth.permission",
    "pk": 27,
    "fields": {
      "name": "Can delete user profile",
      "content_type": 7,
      "codename": "delete_userprofile"
    }
  },
  {
    "model": "auth.permission",
    "pk": 28,
    "fields": {
      "name": "Can view user profile",
      "content_type": 7,
      "codename": "view_userprofile"
    }
  },
  {
    "model": "auth.permission",
    "pk": 29,
    "fields": {
      "name": "Can add vendor",
      "content_type": 8,
      "codename": "add_vendor"
    }
  },
  {
    "model": "auth.permission",
    "pk": 30,
    "fields": {
      "name": "Can change vendor",
      "content_type": 8,
      "codename": "change_vendor"
    }
  },
  {
    "model": "auth.permission",
    "pk": 31,
    "fields": {
      "name": "Can delete vendor",
      "content_type": 8,
      "codename": "delete_vendor"
    }
  },
  {
    "model": "auth.permission",
    "pk": 32,
    "fields": {
      "name": "Can view vendor",
      "content_type": 8,
      "codename": "view_vendor"
    }
  },
  {
    "model": "auth.permission",
    "pk": 33,
    "fields": {
      "name": "Can add food item",
      "content_type": 9,
      "codename": "add_fooditem"
    }
  },
  {
    "model": "auth.permission",
    "pk": 34,
    "fields": {
      "name": "Can change food item",
      "content_type": 9,
      "codename": "change_fooditem"
    }
  },
  {
    "model": "auth.permission",
    "pk": 35,
    "fields": {
      "name": "Can delete food item",
      "content_type": 9,
      "codename": "delete_fooditem"
    }
  },
  {
    "model": "auth.permission",
    "pk": 36,
    "fields": {
      "name": "Can view food item",
      "content_type": 9,
      "codename": "view_fooditem"
    }
  },
  {
    "model": "auth.permission",
    "pk": 37,
    "fields": {
      "name": "Can add category",
      "content_type": 10,
      "codename": "add_category"
    }
  },
  {
    "model": "auth.permission",
    "pk": 38,
    "fields": {
      "name": "Can change category",
      "content_type": 10,
      "codename": "change_category"
    }
  },
  {
    "model": "auth.permission",
    "pk": 39,
    "fields": {
      "name": "Can delete category",
      "content_type": 10,
      "codename": "delete_category"
    }
  },
  {
    "model": "auth.permission",
    "pk": 40,
    "fields": {
      "name": "Can view category",
      "content_type": 10,
      "codename": "view_category"
    }
  },
  {
    "model": "auth.permission",
    "pk": 41,
    "fields": {
      "name": "Can add cart",
      "content_type": 11,
      "codename": "add_cart"
    }
  },
  {
    "model": "auth.permission",
    "pk": 42,
    "fields": {
      "name": "Can change cart",
      "content_type": 11,
      "codename": "change_cart"
    }
  },
  {
    "model": "auth.permission",
    "pk": 43,
    "fields": {
      "name": "Can delete cart",
      "content_type": 11,
      "codename": "delete_cart"
    }
  },
  {
    "model": "auth.permission",
    "pk": 44,
    "fields": {
      "name": "Can view cart",
      "content_type": 11,
      "codename": "view_cart"
    }
  },
  {
    "model": "auth.permission",
    "pk": 45,
    "fields": {
      "name": "Can add opening hours",
      "content_type": 12,
      "codename": "add_openinghours"
    }
  },
  {
    "model": "auth.permission",
    "pk": 46,
    "fields": {
      "name": "Can change opening hours",
      "content_type": 12,
      "codename": "change_openinghours"
    }
  },
  {
    "model": "auth.permission",
    "pk": 47,
    "fields": {
      "name": "Can delete opening hours",
      "content_type": 12,
      "codename": "delete_openinghours"
    }
  },
  {
    "model": "auth.permission",
    "pk": 48,
    "fields": {
      "name": "Can view opening hours",
      "content_type": 12,
      "codename": "view_openinghours"
    }
  },
  {
    "model": "auth.permission",
    "pk": 49,
    "fields": {
      "name": "Can add tax",
      "content_type": 13,
      "codename": "add_tax"
    }
  },
  {
    "model": "auth.permission",
    "pk": 50,
    "fields": {
      "name": "Can change tax",
      "content_type": 13,
      "codename": "change_tax"
    }
  },
  {
    "model": "auth.permission",
    "pk": 51,
    "fields": {
      "name": "Can delete tax",
      "content_type": 13,
      "codename": "delete_tax"
    }
  },
  {
    "model": "auth.permission",
    "pk": 52,
    "fields": {
      "name": "Can view tax",
      "content_type": 13,
      "codename": "view_tax"
    }
  },
  {
    "model": "auth.permission",
    "pk": 53,
    "fields": {
      "name": "Can add order",
      "content_type": 14,
      "codename": "add_order"
    }
  },
  {
    "model": "auth.permission",
    "pk": 54,
    "fields": {
      "name": "Can change order",
      "content_type": 14,
      "codename": "change_order"
    }
  },
  {
    "model": "auth.permission",
    "pk": 55,
    "fields": {
      "name": "Can delete order",
      "content_type": 14,
      "codename": "delete_order"
    }
  },
  {
    "model": "auth.permission",
    "pk": 56,
    "fields": {
      "name": "Can view order",
      "content_type": 14,
      "codename": "view_order"
    }
  },
  {
    "model": "auth.permission",
    "pk": 57,
    "fields": {
      "name": "Can add payment",
      "content_type": 15,
      "codename": "add_payment"
    }
  },
  {
    "model": "auth.permission",
    "pk": 58,
    "fields": {
      "name": "Can change payment",
      "content_type": 15,
      "codename": "change_payment"
    }
  },
  {
    "model": "auth.permission",
    "pk": 59,
    "fields": {
      "name": "Can delete payment",
      "content_type": 15,
      "codename": "delete_payment"
    }
  },
  {
    "model": "auth.permission",
    "pk": 60,
    "fields": {
      "name": "Can view payment",
      "content_type": 15,
      "codename": "view_payment"
    }
  },
  {
    "model": "auth.permission",
    "pk": 61,
    "fields": {
      "name": "Can add ordered food",
      "content_type": 16,
      "codename": "add_orderedfood"
    }
  },
  {
    "model": "auth.permission",
    "pk": 62,
    "fields": {
      "name": "Can change ordered food",
      "content_type": 16,
      "codename": "change_orderedfood"
    }
  },
  {
    "model": "auth.permission",
    "pk": 63,
    "fields": {
      "name": "Can delete ordered food",
      "content_type": 16,
      "codename": "delete_orderedfood"
    }
  },
  {
    "model": "auth.permission",
    "pk": 64,
    "fields": {
      "name": "Can view ordered food",
      "content_type": 16,
      "codename": "view_orderedfood"
    }
  },
  {
    "model": "contenttypes.contenttype",
    "pk": 1,
    "fields": {
      "app_label": "admin",
      "model": "logentry"
    }
  },
  {
    "model": "contenttypes.contenttype",
    "pk": 2,
    "fields": {
      "app_label": "auth",
      "model": "permission"
    }
  },
  {
    "model": "contenttypes.contenttype",
    "pk": 3,
    "fields": {
      "app_label": "auth",
      "model": "group"
    }
  },
  {
    "model": "contenttypes.contenttype",
    "pk": 4,
    "fields": {
      "app_label": "contenttypes",
      "model": "contenttype"
    }
  },
  {
    "model": "contenttypes.contenttype",
    "pk": 5,
    "fields": {
      "app_label": "sessions",
      "model": "session"
    }
  },
  {
    "model": "contenttypes.contenttype",
    "pk": 6,
    "fields": {
      "app_label": "accounts",
      "model": "user"
    }
  },
  {
    "model": "contenttypes.contenttype",
    "pk": 7,
    "fields": {
      "app_label": "accounts",
      "model": "userprofile"
    }
  },
  {
    "model": "contenttypes.contenttype",
    "pk": 8,
    "fields": {
      "app_label": "vendor",
      "model": "vendor"
    }
  },
  {
    "model": "contenttypes.contenttype",
    "pk": 9,
    "fields": {
      "app_label": "menu",
      "model": "fooditem"
    }
  },
  {
    "model": "contenttypes.contenttype",
    "pk": 10,
    "fields": {
      "app_label": "menu",
      "model": "category"
    }
  },
  {
    "model": "contenttypes.contenttype",
    "pk": 11,
    "fields": {
      "app_label": "marketplace",
      "model": "cart"
    }
  },
  {
    "model": "contenttypes.contenttype",
    "pk": 12,
    "fields": {
      "app_label": "vendor",
      "model": "openinghours"
    }
  },
  {
    "model": "contenttypes.contenttype",
    "pk": 13,
    "fields": {
      "app_label": "marketplace",
      "model": "tax"
    }
  },
  {
    "model": "contenttypes.contenttype",
    "pk": 14,
    "fields": {
      "app_label": "orders",
      "model": "order"
    }
  },
  {
    "model": "contenttypes.contenttype",
    "pk": 15,
    "fields": {
      "app_label": "orders",
      "model": "payment"
    }
  },
  {
    "model": "contenttypes.contenttype",
    "pk": 16,
    "fields": {
      "app_label": "orders",
      "model": "orderedfood"
    }
  },
  {
    "model": "sessions.session",
    "pk": "2fxjy5z0b7sffo9dva1i8s4cowf0ibu4",
    "fields": {
      "session_data": ".eJxVjEEOwiAQRe_C2hCgQwGX7j0DYWZAqoYmpV0Z765NutDtf-_9l4hpW2vcel7ixOIsjBWn3xETPXLbCd9Tu82S5rYuE8pdkQft8jpzfl4O9--gpl6_tVaWGBCMsxACe20cmoBjAKRiUQEMYK3WJQzZKUDjiTQ5z1Ry4BHE-wPj5zeD:1p0Bfp:6KofiiBhQ2AywZ7CC-FkWr5tBBCyG-Xw_VvPEmqFI7Y",
      "expire_date": "2022-12-14T01:14:05.110Z"
    }
  },
  {
    "model": "sessions.session",
    "pk": "aja5mk5sanpbsoqw2mfadz2vbrn2wfi5",
    "fields": {
      "session_data": ".eJxVjMEOwiAQRP-FsyELbEU8eu83EGC3UjWQlPZk_Hdp0oNO5jRvZt7Ch23Nfmu8-JnEVWgnTr9hDOnJZSf0COVeZaplXeYo94o8aJNjJX7dju7fQQ4t9zUDIBIz4IWHs3ORDEyOAig16K7EySAT2skathRZK7JImIC06xafLwvTODQ:1p08VD:-xIcYhdIfOIUN5n8dFGTnsci9AVgj7SMMtrV4L84TUk",
      "expire_date": "2022-12-13T21:50:55.808Z"
    }
  },
  {
    "model": "sessions.session",
    "pk": "b2tv47j0ht0mrdn7slkvvxgujhj1dcfu",
    "fields": {
      "session_data": ".eJxVjDsOwjAQBe_iGqzEa3u9lPScIbJ3TRJAjpRPhbg7jpQC2pn35q26uK1Dty157kZRF2WsOv3CFPmZy27kEUs_aZ7KOo9J7xN92EXfJsmv67H9CwxxGeo7ixNqG0riIVMAy2Q9oQsROFuxjiOzEGcfXGyDQTaGEwNCuksLqUZfca0hCxohgEfaUekrOiNphwjYWPX5AmE2QVA:1p4ry0:hKf5FBpkn8x5yK1D1swyqqzz_9y-eE7NMvkLr9pBzzU",
      "expire_date": "2022-12-26T23:12:12.097Z"
    }
  },
  {
    "model": "sessions.session",
    "pk": "b6emeddmleg5l8r20jqgnyyb7g8r2e7m",
    "fields": {
      "session_data": ".eJxVjEEOwiAQRe_C2hCgQwGX7j0DYWZAqoYmpV0Z765NutDtf-_9l4hpW2vcel7ixOIsjBWn3xETPXLbCd9Tu82S5rYuE8pdkQft8jpzfl4O9--gpl6_tVaWGBCMsxACe20cmoBjAKRiUQEMYK3WJQzZKUDjiTQ5z1Ry4BHE-wPj5zeD:1p4cE4:ptAb-PjiCIyQXbOMRAGUPg58JAO0Z3y6hNLDZMGYa3Y",
      "expire_date": "2022-12-26T06:23:44.956Z"
    }
  },
  {
    "model": "sessions.session",
    "pk": "egz1b1iqk1u0sk65rk6dfc786uw4bcgt",
    "fields": {
      "session_data": "e30:1ofUbM:7EWC13HPcqgaBy532N8tZf33ZFPsKB-SUejlKCkg2e8",
      "expire_date": "2022-10-17T23:11:56.278Z"
    }
  },
  {
    "model": "sessions.session",
    "pk": "fysorht1m1p6980j5l5tsukbdwu53ney",
    "fields": {
      "session_data": ".eJxVjMsOwiAQRf-FtSG8GVy69xsIM4BUDU1KuzL-uzbpQrf3nHNfLKZtbXEbZYlTZmcm2el3w0SP0neQ76nfZk5zX5cJ-a7wgw5-nXN5Xg7376Cl0b51tejQCIleSQsadAAkp0ylHKowNiswRltLToMib8GlGlCTNFAqesHeH8M8NyQ:1ou2ZS:TRd_t37QJlYUbtnyHv-rjpVMwxsrPE5tIoRMVJTrZ_s",
      "expire_date": "2022-11-27T02:18:06.745Z"
    }
  },
  {
    "model": "sessions.session",
    "pk": "hnjgyqkk1mk6svfkv8mm631008f2apgu",
    "fields": {
      "session_data": ".eJxtjMsOwiAQRf-FtSEFeXRcuvcbyAwMUjU0KWVl_HfbpBsTt-ece9-iT0lchHbiJAL2tYTeeAl_IWF8ct1NemC9zzLOdV0mknsiD9vkbU78uh7tz0HBVrb1EMFqTJStgmQwjhG8c5wHdSZLBhQgaO9Stpy9QvTjBg0aAshsnRafL-oZOu0:1ou3Ly:18wE_Z_mRVYccQu2rID4ickXmxP5kdW4UpgaMdXY6wc",
      "expire_date": "2022-11-27T03:08:14.219Z"
    }
  },
  {
    "model": "sessions.session",
    "pk": "i6e7obu2f0tq0dca7fs3yb78xb0u2ljg",
    "fields": {
      "session_data": ".eJxVjEEOwiAQRe_C2hCgQwGX7j0DYWZAqoYmpV0Z765NutDtf-_9l4hpW2vcel7ixOIsjBWn3xETPXLbCd9Tu82S5rYuE8pdkQft8jpzfl4O9--gpl6_tVaWGBCMsxACe20cmoBjAKRiUQEMYK3WJQzZKUDjiTQ5z1Ry4BHE-wPj5zeD:1p2AS4:x09DvehFjrtSQ2Ha5ayNE5FtaEp9KLxM5mSxk4h9bfg",
      "expire_date": "2022-12-19T12:20:04.001Z"
    }
  },
  {
    "model": "sessions.session",
    "pk": "jbjie3hdnrkcf6uc9vhit17nkv4icv5g",
    "fields": {
      "session_data": ".eJxVjEEOwiAQRe_C2hCgQwGX7j0DYWZAqoYmpV0Z765NutDtf-_9l4hpW2vcel7ixOIsjBWn3xETPXLbCd9Tu82S5rYuE8pdkQft8jpzfl4O9--gpl6_tVaWGBCMsxACe20cmoBjAKRiUQEMYK3WJQzZKUDjiTQ5z1Ry4BHE-wPj5zeD:1okt7V:Q1mktQpnd7H_jRxS1aDXFQG4TspGoVD2ikHBcSSMsco",
      "expire_date": "2022-11-01T20:23:25.879Z"
    }
  },
  {
    "model": "sessions.session",
    "pk": "k7o2r7oqa80uk06tgp9r045y97b9mnab",
    "fields": {
      "session_data": ".eJxVjMsOwiAQRf-FtSG8GVy69xsIM4BUDU1KuzL-uzbpQrf3nHNfLKZtbXEbZYlTZmcm2el3w0SP0neQ76nfZk5zX5cJ-a7wgw5-nXN5Xg7376Cl0b51tejQCIleSQsadAAkp0ylHKowNiswRltLToMib8GlGlCTNFAqesHeH8M8NyQ:1p08MN:42dJ1du_Tmhna_T1T23sTvNKGhudLFRtxOWHA3xfd78",
      "expire_date": "2022-12-13T21:41:47.225Z"
    }
  },
  {
    "model": "sessions.session",
    "pk": "lbkxmmunvni08oxrotgueplhv34td04z",
    "fields": {
      "session_data": ".eJxVjMsOwiAQRf-FtSG8GVy69xsIM4BUDU1KuzL-uzbpQrf3nHNfLKZtbXEbZYlTZmcm2el3w0SP0neQ76nfZk5zX5cJ-a7wgw5-nXN5Xg7376Cl0b51tejQCIleSQsadAAkp0ylHKowNiswRltLToMib8GlGlCTNFAqesHeH8M8NyQ:1okriJ:BNiWZMkMr9q7pxmxdY2JJjwEUlFAotmvrRLg6A2qzL8",
      "expire_date": "2022-11-01T18:53:19.618Z"
    }
  },
  {
    "model": "sessions.session",
    "pk": "ld0aqawkl848z89fk1x5cosx7dfv5tso",
    "fields": {
      "session_data": ".eJxVjEEOwiAQRe_C2hCgQwGX7j0DYWZAqoYmpV0Z765NutDtf-_9l4hpW2vcel7ixOIsjBWn3xETPXLbCd9Tu82S5rYuE8pdkQft8jpzfl4O9--gpl6_tVaWGBCMsxACe20cmoBjAKRiUQEMYK3WJQzZKUDjiTQ5z1Ry4BHE-wPj5zeD:1oxcbU:pad6aNCHTINyrY1D9k2fYlEqqN_M88sWp7tvrIJBuMI",
      "expire_date": "2022-12-06T23:23:00.476Z"
    }
  },
  {
    "model": "sessions.session",
    "pk": "n1bxahr2rtw3ngmicj3qcfwxxumnlqgv",
    "fields": {
      "session_data": ".eJxVjMsOwiAQRf-FtSG8GVy69xsIM4BUDU1KuzL-uzbpQrf3nHNfLKZtbXEbZYlTZmcm2el3w0SP0neQ76nfZk5zX5cJ-a7wgw5-nXN5Xg7376Cl0b51tejQCIleSQsadAAkp0ylHKowNiswRltLToMib8GlGlCTNFAqesHeH8M8NyQ:1ojWfZ:sdBSX7cNHC_8qTUhafPXKXcYcP5GNcBnErnPPR4w0YA",
      "expire_date": "2022-10-29T02:12:57.721Z"
    }
  },
  {
    "model": "sessions.session",
    "pk": "nrk44y4y6uj6ymd7dr5ndkdnba8i7hl9",
    "fields": {
      "session_data": ".eJxtjMsOwiAQRf-FtSHMAAVcuvcbyPCSqqFJKSvjv2uTbkzc3nPOfbExJ3ZmUrET8zS26kfPq_87BoqP3HaS7tRuC49L29Y58F3hB-38uqT8vBzuz0GlXr_1FKSYZChWWEpaAaqCESWQU8apiCFnB0RZCgRA67QBWaiQ0TEACsveH8FKOfQ:1p4hUc:6EFrcqPox5-botP0PTi5uDo6hIKQfKwugeEAb-IW9i4",
      "expire_date": "2022-12-26T12:01:10.631Z"
    }
  },
  {
    "model": "sessions.session",
    "pk": "o5fadstt3ct36u13o4jsekp86a5k88ij",
    "fields": {
      "session_data": ".eJxVjDsOwjAQBe_iGln4b1PScwZrvbvgALKlOKkQd4dIKaB9M_NeIsO61LwOnvNE4iS0FYffsQA-uG2E7tBuXWJvyzwVuSlyp0NeOvHzvLt_BxVG_dZMjpI6pkLecIrGYrI-BRfBIFuyDgGRErKPDlTUAbXGgiaYciVlinh_ABWGOKY:1ovf9O:IvlX7G3yyov2pINglWtTgU28BnG7x7zlAK_WTLYYXcE",
      "expire_date": "2022-12-01T13:41:54.481Z"
    }
  },
  {
    "model": "sessions.session",
    "pk": "o7xca3r058adn11kzuzvbn1u6fjz59iw",
    "fields": {
      "session_data": "eyJ1aWQiOiIyNCJ9:1ogvR3:4pCePcLkyunj0mDkwTRo_i_FPQYbVaGzFBDNhozTvk4",
      "expire_date": "2022-10-21T22:03:13.988Z"
    }
  },
  {
    "model": "sessions.session",
    "pk": "v5ef1zypb7qf88rg1xvsq9629524oyul",
    "fields": {
      "session_data": ".eJxVjEEOwiAQRe_C2hCgQwGX7j0DYWZAqoYmpV0Z765NutDtf-_9l4hpW2vcel7ixOIsjBWn3xETPXLbCd9Tu82S5rYuE8pdkQft8jpzfl4O9--gpl6_tVaWGBCMsxACe20cmoBjAKRiUQEMYK3WJQzZKUDjiTQ5z1Ry4BHE-wPj5zeD:1p1HHQ:DruqnALBV6DazLlRkW6xfL894fkqxxuh49nWIFkev0M",
      "expire_date": "2022-12-17T01:25:24.246Z"
    }
  },
  {
    "model": "sessions.session",
    "pk": "z5cleur3j1s0ngfiaxugycopdo7fxisk",
    "fields": {
      "session_data": ".eJxVjEEOwiAQRe_C2hCgQwGX7j0DYWZAqoYmpV0Z765NutDtf-_9l4hpW2vcel7ixOIsjBWn3xETPXLbCd9Tu82S5rYuE8pdkQft8jpzfl4O9--gpl6_tVaWGBCMsxACe20cmoBjAKRiUQEMYK3WJQzZKUDjiTQ5z1Ry4BHE-wPj5zeD:1ovf25:1tgZr3F6ULF180dR4e9YfS186Occb63eK5Cf2rWLb2E",
      "expire_date": "2022-12-01T13:34:21.580Z"
    }
  },
  {
    "model": "sessions.session",
    "pk": "zkf24l07m4m5kfpjbkrbxbcmw0w19bjd",
    "fields": {
      "session_data": ".eJxVjMsOwiAQRf-FtSG8GVy69xsIM4BUDU1KuzL-uzbpQrf3nHNfLKZtbXEbZYlTZmcm2el3w0SP0neQ76nfZk5zX5cJ-a7wgw5-nXN5Xg7376Cl0b51tejQCIleSQsadAAkp0ylHKowNiswRltLToMib8GlGlCTNFAqesHeH8M8NyQ:1p4UyI:4k0UkDyco8Ynqe_1MzegTMa-fHt0-VrRiIgGT1OPBu0",
      "expire_date": "2022-12-25T22:38:58.078Z"
    }
  },
  {
    "model": "accounts.user",
    "pk": 1,
    "fields": {
      "password": "pbkdf2_sha256$390000$BOZSLuaemP7wdlVZl6r6vT$8BvkXIEDh/aYut8GXPCo7BDhIrQmZrLWIr2fUd3dx2w=",
      "firstname": "Nand",
      "lastname": "Vaghela",
      "username": "nandvaghela",
      "email": "nandvaghela20@gmail.com",
      "phone_number": "",
      "role": null,
      "date_joined": "2022-09-30T01:09:07.430Z",
      "last_login": "2022-12-11T22:38:58.052Z",
      "created_date": "2022-09-30T01:09:07.430Z",
      "modified_date": "2022-09-30T01:09:07.434Z",
      "is_admin": true,
      "is_staff": true,
      "is_active": true,
      "is_superadmin": true
    }
  },
  {
    "model": "accounts.user",
    "pk": 24,
    "fields": {
      "password": "pbkdf2_sha256$390000$SdNRQ6IyhjjsoU8JUuaNnI$ERArqocCLC5FBiF5IAz33F190QisQtDsF5WJeqnrQdY=",
      "firstname": "Nand",
      "lastname": "Vaghela",
      "username": "nand_vaghela",
      "email": "vaghelanandkumar@gmail.com",
      "phone_number": "7362846192",
      "role": 2,
      "date_joined": "2022-10-04T23:21:14.613Z",
      "last_login": "2022-12-12T23:02:20.049Z",
      "created_date": "2022-10-04T23:21:14.613Z",
      "modified_date": "2022-12-07T03:01:59.226Z",
      "is_admin": false,
      "is_staff": false,
      "is_active": true,
      "is_superadmin": false
    }
  },
  {
    "model": "accounts.user",
    "pk": 25,
    "fields": {
      "password": "pbkdf2_sha256$390000$HiO5BexAtmVVB6glEZXXUU$BzOEAVDXJtYpTCMfD1qlcP2ofYLi0bttTVoYeHGoCNE=",
      "firstname": "Vendor",
      "lastname": "Restaurant",
      "username": "chinese_food",
      "email": "vaghelanand9@gmail.com",
      "phone_number": "",
      "role": 1,
      "date_joined": "2022-10-04T23:42:04.818Z",
      "last_login": "2022-12-12T22:11:15.261Z",
      "created_date": "2022-10-04T23:42:04.818Z",
      "modified_date": "2022-10-04T23:42:45.113Z",
      "is_admin": false,
      "is_staff": false,
      "is_active": true,
      "is_superadmin": false
    }
  },
  {
    "model": "accounts.user",
    "pk": 26,
    "fields": {
      "password": "pbkdf2_sha256$390000$5PUYpHsf1xT9RepOuwFChn$UOIaFgRj21pjMy4KfDtDCK2qSEGFO75LPQhyg2qj+gE=",
      "firstname": "Roronoa",
      "lastname": "Roronoa",
      "username": "zoro",
      "email": "nandvaghela.dev@gmail.com",
      "phone_number": "",
      "role": 1,
      "date_joined": "2022-11-13T03:01:24.347Z",
      "last_login": "2022-12-05T21:40:04.527Z",
      "created_date": "2022-11-13T03:01:24.347Z",
      "modified_date": "2022-11-13T03:07:33.884Z",
      "is_admin": false,
      "is_staff": false,
      "is_active": true,
      "is_superadmin": false
    }
  },
  {
    "model": "accounts.user",
    "pk": 27,
    "fields": {
      "password": "pbkdf2_sha256$390000$xwhpESuYLfb7dJmtgH7hNm$QT84J52WRR4W5jiSWQ5kzZa9yOslcTpt0efkmuNKkNY=",
      "firstname": "kakashi",
      "lastname": "hatake",
      "username": "kakashi",
      "email": "kakashi@gmail.com",
      "phone_number": "",
      "role": 1,
      "date_joined": "2022-11-16T04:48:55.397Z",
      "last_login": "2022-11-16T04:48:55.397Z",
      "created_date": "2022-11-16T04:48:55.397Z",
      "modified_date": "2022-11-16T04:48:55.412Z",
      "is_admin": false,
      "is_staff": false,
      "is_active": false,
      "is_superadmin": false
    }
  },
  {
    "model": "accounts.user",
    "pk": 28,
    "fields": {
      "password": "pbkdf2_sha256$390000$ovCRN2NIkyYdGQfT5VspUi$3jYWhRRQfKRo3fguAQQIyEwaAxxskwG+kfP0412HFVc=",
      "firstname": "restaurant",
      "lastname": "1",
      "username": "restaurant1",
      "email": "restaurant1@gmail.com",
      "phone_number": "",
      "role": 1,
      "date_joined": "2022-11-29T21:41:27.817Z",
      "last_login": "2022-12-05T21:43:15.007Z",
      "created_date": "2022-11-29T21:41:27.817Z",
      "modified_date": "2022-11-29T21:42:59.308Z",
      "is_admin": false,
      "is_staff": false,
      "is_active": true,
      "is_superadmin": false
    }
  },
  {
    "model": "accounts.user",
    "pk": 29,
    "fields": {
      "password": "pbkdf2_sha256$390000$hA2cL511rSjRWKcEmRbNdt$MXBNFW7fsqdHofuRTQOwvwUnRiVsMpNFXojLiIB6Iw8=",
      "firstname": "restaurant",
      "lastname": "2",
      "username": "pizzaguy",
      "email": "restaurant2@gmail.com",
      "phone_number": "",
      "role": 1,
      "date_joined": "2022-11-29T21:49:57.822Z",
      "last_login": "2022-12-05T21:45:05.095Z",
      "created_date": "2022-11-29T21:49:57.822Z",
      "modified_date": "2022-11-29T21:50:22.043Z",
      "is_admin": false,
      "is_staff": false,
      "is_active": true,
      "is_superadmin": false
    }
  },
  {
    "model": "accounts.user",
    "pk": 34,
    "fields": {
      "password": "pbkdf2_sha256$390000$aiyTdVMwGah74oBbQTdpeh$/V4toEYnrcfW5X/B3Sh4qmxmG15OV3WAWa8LPCnzlio=",
      "firstname": "mj",
      "lastname": "Rathod",
      "username": "mj",
      "email": "nandvaghela1@gmail.com",
      "phone_number": "",
      "role": 1,
      "date_joined": "2022-12-12T11:44:16.855Z",
      "last_login": "2022-12-12T12:01:10.569Z",
      "created_date": "2022-12-12T11:44:16.855Z",
      "modified_date": "2022-12-12T11:44:37.169Z",
      "is_admin": false,
      "is_staff": false,
      "is_active": true,
      "is_superadmin": false
    }
  },
  {
    "model": "accounts.userprofile",
    "pk": 2,
    "fields": {
      "user": 1,
      "profile_picture": "users/profile_pictures/1038704_gZq2Y3f.jpeg",
      "cover_photos": "users/cover_photos/1215275_Rc97cz6.png",
      "address": null,
      "country": null,
      "state": null,
      "city": null,
      "pin_code": null,
      "latitude": null,
      "longitude": null,
      "location": null,
      "created_at": "2022-09-30T17:53:54.304Z",
      "modified_at": "2022-12-11T22:38:58.077Z"
    }
  },
  {
    "model": "accounts.userprofile",
    "pk": 25,
    "fields": {
      "user": 24,
      "profile_picture": "users/profile_pictures/1038704_rzVxiH4.jpeg",
      "cover_photos": "users/cover_photos/wp6627177-abstract-4k-desktop-wallpapers.jpeg",
      "address": "20 Sanagan Road, Etobicoke, ON, Canada",
      "country": "Canada",
      "state": "Ontario",
      "city": "Toronto",
      "pin_code": "M9V 1R9",
      "latitude": "43.7382533",
      "longitude": "-79.5775111",
      "location": "SRID=4326;POINT (-79.5775111 43.7382533)",
      "created_at": "2022-10-04T23:21:14.616Z",
      "modified_at": "2022-12-12T23:02:20.084Z"
    }
  },
  {
    "model": "accounts.userprofile",
    "pk": 26,
    "fields": {
      "user": 25,
      "profile_picture": "users/profile_pictures/chicken-600x600.jpg",
      "cover_photos": "users/cover_photos/cover-photo-5.PNG",
      "address": "1530 Albion Road, Etobicoke, ON, Canada",
      "country": "Canada",
      "state": "Ontario",
      "city": "Toronto",
      "pin_code": "M9V 5H4",
      "latitude": "43.7417071",
      "longitude": "-79.5845089",
      "location": "SRID=4326;POINT (-79.5845089 43.7417071)",
      "created_at": "2022-10-04T23:42:04.822Z",
      "modified_at": "2022-12-12T22:11:15.290Z"
    }
  },
  {
    "model": "accounts.userprofile",
    "pk": 27,
    "fields": {
      "user": 26,
      "profile_picture": "users/profile_pictures/wallpaperflare.com_wallpaper_3.jpg",
      "cover_photos": "users/cover_photos/740711.jpeg",
      "address": "2658 Islington Avenue, Etobicoke, ON, Canada",
      "country": "Canada",
      "state": "Ontario",
      "city": "Toronto",
      "pin_code": "M9V 2X5",
      "latitude": "43.7383831",
      "longitude": "-79.5664135",
      "location": "SRID=4326;POINT (-79.5664135 43.7383831)",
      "created_at": "2022-11-13T03:01:24.351Z",
      "modified_at": "2022-12-05T21:40:04.552Z"
    }
  },
  {
    "model": "accounts.userprofile",
    "pk": 28,
    "fields": {
      "user": 27,
      "profile_picture": "",
      "cover_photos": "",
      "address": null,
      "country": null,
      "state": null,
      "city": null,
      "pin_code": null,
      "latitude": null,
      "longitude": null,
      "location": null,
      "created_at": "2022-11-16T04:48:55.402Z",
      "modified_at": "2022-11-16T04:48:55.414Z"
    }
  },
  {
    "model": "accounts.userprofile",
    "pk": 29,
    "fields": {
      "user": 28,
      "profile_picture": "users/profile_pictures/burger-600x600.jpg",
      "cover_photos": "users/cover_photos/cover-photo-2.PNG",
      "address": "2620 Islington Avenue, Etobicoke, ON, Canada",
      "country": "Canada",
      "state": "Ontario",
      "city": "Toronto",
      "pin_code": "M9V 2X3",
      "latitude": "43.7362337",
      "longitude": "-79.565283",
      "location": "SRID=4326;POINT (-79.565283 43.7362337)",
      "created_at": "2022-11-29T21:41:27.826Z",
      "modified_at": "2022-12-05T21:43:15.032Z"
    }
  },
  {
    "model": "accounts.userprofile",
    "pk": 30,
    "fields": {
      "user": 29,
      "profile_picture": "users/profile_pictures/brand_pic3.jpg",
      "cover_photos": "users/cover_photos/cover-photo-4.PNG",
      "address": "102 Albion Road, Etobicoke, Toronto, ON, Canada",
      "country": "Canada",
      "state": "Ontario",
      "city": "Toronto",
      "pin_code": "M9V 2A8",
      "latitude": "43.7422533",
      "longitude": "-79.59621469999999",
      "location": "SRID=4326;POINT (-79.59621469999999 43.7422533)",
      "created_at": "2022-11-29T21:49:57.826Z",
      "modified_at": "2022-12-05T21:45:05.126Z"
    }
  },
  {
    "model": "accounts.userprofile",
    "pk": 35,
    "fields": {
      "user": 34,
      "profile_picture": "",
      "cover_photos": "",
      "address": null,
      "country": null,
      "state": null,
      "city": null,
      "pin_code": null,
      "latitude": null,
      "longitude": null,
      "location": null,
      "created_at": "2022-12-12T11:44:16.856Z",
      "modified_at": "2022-12-12T12:01:10.622Z"
    }
  },
  {
    "model": "vendor.vendor",
    "pk": 2,
    "fields": {
      "user": 25,
      "user_profile": 26,
      "vendor_name": "Best Chinese Food",
      "vendor_slug": "best-chinese-food",
      "vendor_license": "vendor/license/wp4469571-7680x4320-wallpapers.jpeg",
      "is_approved": true,
      "created_at": "2022-10-04T23:42:04.827Z",
      "modified_at": "2022-12-12T13:08:29.255Z"
    }
  },
  {
    "model": "vendor.vendor",
    "pk": 3,
    "fields": {
      "user": 26,
      "user_profile": 27,
      "vendor_name": "Memories",
      "vendor_slug": "memories",
      "vendor_license": "vendor/license/wp5496981-shivay-wallpapers.jpeg",
      "is_approved": true,
      "created_at": "2022-11-13T03:01:24.362Z",
      "modified_at": "2022-11-29T22:41:24.831Z"
    }
  },
  {
    "model": "vendor.vendor",
    "pk": 5,
    "fields": {
      "user": 28,
      "user_profile": 29,
      "vendor_name": "Burger's Point",
      "vendor_slug": "restaurant1-28",
      "vendor_license": "vendor/license/wp5621692-abstract-4k-desktop-wallpapers.jpeg",
      "is_approved": true,
      "created_at": "2022-11-29T21:41:27.843Z",
      "modified_at": "2022-12-02T04:14:53.534Z"
    }
  },
  {
    "model": "vendor.vendor",
    "pk": 6,
    "fields": {
      "user": 29,
      "user_profile": 30,
      "vendor_name": "Pizza Guy",
      "vendor_slug": "pizza-guy-29",
      "vendor_license": "vendor/license/brand_pic3.jpg",
      "is_approved": true,
      "created_at": "2022-11-29T21:49:57.833Z",
      "modified_at": "2022-12-02T04:15:33.041Z"
    }
  },
  {
    "model": "vendor.vendor",
    "pk": 8,
    "fields": {
      "user": 34,
      "user_profile": 35,
      "vendor_name": "mj's tea point",
      "vendor_slug": "mjs-tea-point-34",
      "vendor_license": "vendor/license/wp4473404-4096x3112-wallpapers.jpeg",
      "is_approved": true,
      "created_at": "2022-12-12T11:44:16.893Z",
      "modified_at": "2022-12-12T13:07:45.344Z"
    }
  },
  {
    "model": "vendor.openinghours",
    "pk": 1,
    "fields": {
      "vendor": 2,
      "day": 1,
      "from_hour": "04:00 PM",
      "to_hour": "11:00 PM",
      "is_closed": false
    }
  },
  {
    "model": "vendor.openinghours",
    "pk": 3,
    "fields": {
      "vendor": 2,
      "day": 7,
      "from_hour": "12:30 AM",
      "to_hour": "11:30 PM",
      "is_closed": false
    }
  },
  {
    "model": "vendor.openinghours",
    "pk": 5,
    "fields": {
      "vendor": 2,
      "day": 2,
      "from_hour": "10:00 AM",
      "to_hour": "10:00 PM",
      "is_closed": false
    }
  },
  {
    "model": "vendor.openinghours",
    "pk": 9,
    "fields": {
      "vendor": 2,
      "day": 4,
      "from_hour": "01:30 AM",
      "to_hour": "10:30 PM",
      "is_closed": false
    }
  },
  {
    "model": "vendor.openinghours",
    "pk": 10,
    "fields": {
      "vendor": 2,
      "day": 3,
      "from_hour": "01:30 AM",
      "to_hour": "09:30 AM",
      "is_closed": false
    }
  },
  {
    "model": "vendor.openinghours",
    "pk": 11,
    "fields": {
      "vendor": 2,
      "day": 6,
      "from_hour": "04:00 AM",
      "to_hour": "08:00 PM",
      "is_closed": false
    }
  },
  {
    "model": "vendor.openinghours",
    "pk": 16,
    "fields": {
      "vendor": 3,
      "day": 1,
      "from_hour": "06:00 AM",
      "to_hour": "11:30 PM",
      "is_closed": false
    }
  },
  {
    "model": "vendor.openinghours",
    "pk": 17,
    "fields": {
      "vendor": 3,
      "day": 2,
      "from_hour": "06:00 AM",
      "to_hour": "11:30 PM",
      "is_closed": false
    }
  },
  {
    "model": "vendor.openinghours",
    "pk": 18,
    "fields": {
      "vendor": 3,
      "day": 3,
      "from_hour": "",
      "to_hour": "",
      "is_closed": true
    }
  },
  {
    "model": "vendor.openinghours",
    "pk": 19,
    "fields": {
      "vendor": 3,
      "day": 4,
      "from_hour": "06:00 AM",
      "to_hour": "11:30 PM",
      "is_closed": false
    }
  },
  {
    "model": "vendor.openinghours",
    "pk": 20,
    "fields": {
      "vendor": 3,
      "day": 5,
      "from_hour": "06:00 AM",
      "to_hour": "11:30 PM",
      "is_closed": false
    }
  },
  {
    "model": "vendor.openinghours",
    "pk": 21,
    "fields": {
      "vendor": 3,
      "day": 6,
      "from_hour": "06:00 AM",
      "to_hour": "11:30 PM",
      "is_closed": false
    }
  },
  {
    "model": "vendor.openinghours",
    "pk": 22,
    "fields": {
      "vendor": 3,
      "day": 7,
      "from_hour": "06:00 AM",
      "to_hour": "11:30 PM",
      "is_closed": false
    }
  },
  {
    "model": "vendor.openinghours",
    "pk": 23,
    "fields": {
      "vendor": 5,
      "day": 1,
      "from_hour": "",
      "to_hour": "",
      "is_closed": true
    }
  },
  {
    "model": "vendor.openinghours",
    "pk": 24,
    "fields": {
      "vendor": 5,
      "day": 2,
      "from_hour": "12:30 AM",
      "to_hour": "10:30 PM",
      "is_closed": false
    }
  },
  {
    "model": "vendor.openinghours",
    "pk": 25,
    "fields": {
      "vendor": 5,
      "day": 3,
      "from_hour": "12:30 AM",
      "to_hour": "10:30 PM",
      "is_closed": false
    }
  },
  {
    "model": "vendor.openinghours",
    "pk": 26,
    "fields": {
      "vendor": 5,
      "day": 4,
      "from_hour": "12:30 AM",
      "to_hour": "10:30 PM",
      "is_closed": false
    }
  },
  {
    "model": "vendor.openinghours",
    "pk": 27,
    "fields": {
      "vendor": 5,
      "day": 5,
      "from_hour": "12:30 AM",
      "to_hour": "10:30 PM",
      "is_closed": false
    }
  },
  {
    "model": "vendor.openinghours",
    "pk": 28,
    "fields": {
      "vendor": 5,
      "day": 6,
      "from_hour": "12:30 AM",
      "to_hour": "10:30 PM",
      "is_closed": false
    }
  },
  {
    "model": "vendor.openinghours",
    "pk": 29,
    "fields": {
      "vendor": 5,
      "day": 7,
      "from_hour": "12:30 AM",
      "to_hour": "11:30 PM",
      "is_closed": false
    }
  },
  {
    "model": "vendor.openinghours",
    "pk": 30,
    "fields": {
      "vendor": 6,
      "day": 1,
      "from_hour": "12:00 PM",
      "to_hour": "03:00 AM",
      "is_closed": false
    }
  },
  {
    "model": "vendor.openinghours",
    "pk": 31,
    "fields": {
      "vendor": 6,
      "day": 2,
      "from_hour": "12:00 PM",
      "to_hour": "03:00 AM",
      "is_closed": false
    }
  },
  {
    "model": "vendor.openinghours",
    "pk": 32,
    "fields": {
      "vendor": 6,
      "day": 3,
      "from_hour": "12:00 PM",
      "to_hour": "03:00 AM",
      "is_closed": false
    }
  },
  {
    "model": "vendor.openinghours",
    "pk": 33,
    "fields": {
      "vendor": 6,
      "day": 4,
      "from_hour": "12:00 PM",
      "to_hour": "03:00 AM",
      "is_closed": false
    }
  },
  {
    "model": "vendor.openinghours",
    "pk": 34,
    "fields": {
      "vendor": 6,
      "day": 5,
      "from_hour": "",
      "to_hour": "",
      "is_closed": true
    }
  },
  {
    "model": "vendor.openinghours",
    "pk": 35,
    "fields": {
      "vendor": 6,
      "day": 6,
      "from_hour": "12:00 PM",
      "to_hour": "03:00 AM",
      "is_closed": false
    }
  },
  {
    "model": "vendor.openinghours",
    "pk": 36,
    "fields": {
      "vendor": 6,
      "day": 7,
      "from_hour": "12:00 PM",
      "to_hour": "03:00 AM",
      "is_closed": false
    }
  },
  {
    "model": "menu.category",
    "pk": 1,
    "fields": {
      "vendor": 2,
      "category_name": "Noodles",
      "slug": "noodles",
      "description": "Test Category Noodles",
      "created_at": "2022-11-08T19:31:21.650Z",
      "updated_at": "2022-11-12T03:27:04.050Z"
    }
  },
  {
    "model": "menu.category",
    "pk": 2,
    "fields": {
      "vendor": 2,
      "category_name": "Manchurian",
      "slug": "manchurian",
      "description": "Manchurian 234",
      "created_at": "2022-11-08T19:31:50.992Z",
      "updated_at": "2022-11-11T21:22:32.113Z"
    }
  },
  {
    "model": "menu.category",
    "pk": 4,
    "fields": {
      "vendor": 2,
      "category_name": "Chicken",
      "slug": "chicken",
      "description": "Test Chicken",
      "created_at": "2022-11-08T19:32:26.855Z",
      "updated_at": "2022-11-08T19:32:26.855Z"
    }
  },
  {
    "model": "menu.category",
    "pk": 9,
    "fields": {
      "vendor": 2,
      "category_name": "Pizza",
      "slug": "pizza",
      "description": "Cheesy Pizza",
      "created_at": "2022-11-10T01:41:43.720Z",
      "updated_at": "2022-11-12T02:39:33.099Z"
    }
  },
  {
    "model": "menu.category",
    "pk": 17,
    "fields": {
      "vendor": 3,
      "category_name": "Chai",
      "slug": "chai",
      "description": "Hot beverage",
      "created_at": "2022-11-13T04:06:22.397Z",
      "updated_at": "2022-11-13T04:06:22.397Z"
    }
  },
  {
    "model": "menu.category",
    "pk": 18,
    "fields": {
      "vendor": 3,
      "category_name": "Coffee",
      "slug": "coffee",
      "description": "Hot beverage",
      "created_at": "2022-11-13T04:16:45.300Z",
      "updated_at": "2022-11-13T04:16:45.300Z"
    }
  },
  {
    "model": "menu.category",
    "pk": 19,
    "fields": {
      "vendor": 5,
      "category_name": "Burgers",
      "slug": "burgers",
      "description": "",
      "created_at": "2022-11-29T21:44:22.759Z",
      "updated_at": "2022-11-29T21:44:22.759Z"
    }
  },
  {
    "model": "menu.category",
    "pk": 20,
    "fields": {
      "vendor": 5,
      "category_name": "Sandwich",
      "slug": "sandwich",
      "description": "",
      "created_at": "2022-11-29T21:45:47.809Z",
      "updated_at": "2022-11-29T21:45:47.809Z"
    }
  },
  {
    "model": "menu.category",
    "pk": 21,
    "fields": {
      "vendor": 6,
      "category_name": "Pizzas",
      "slug": "pizzas",
      "description": "Best Pizzas",
      "created_at": "2022-11-29T21:53:10.803Z",
      "updated_at": "2022-11-29T21:53:10.803Z"
    }
  },
  {
    "model": "menu.category",
    "pk": 22,
    "fields": {
      "vendor": 6,
      "category_name": "Garlic bread",
      "slug": "garlic-bread",
      "description": "",
      "created_at": "2022-11-29T21:55:40.377Z",
      "updated_at": "2022-11-29T21:55:40.378Z"
    }
  },
  {
    "model": "menu.category",
    "pk": 23,
    "fields": {
      "vendor": 2,
      "category_name": "Milkshakes",
      "slug": "milkshakes-23",
      "description": "",
      "created_at": "2022-11-30T01:14:23.729Z",
      "updated_at": "2022-11-30T01:14:23.732Z"
    }
  },
  {
    "model": "menu.fooditem",
    "pk": 1,
    "fields": {
      "vendor": 2,
      "category": 1,
      "food_title": "Haka noodles",
      "slug": "haka-noodles",
      "description": "Test Food Items",
      "price": "10.00",
      "image": "food_images/seafood-600x600.jpg",
      "is_available": true,
      "created_at": "2022-11-08T19:41:21.630Z",
      "updated_at": "2022-11-13T00:43:57.053Z"
    }
  },
  {
    "model": "menu.fooditem",
    "pk": 2,
    "fields": {
      "vendor": 2,
      "category": 2,
      "food_title": "Gravy manchurian",
      "slug": "gravy-manchurian",
      "description": "Test food",
      "price": "12.00",
      "image": "food_images/Pan-Fried-Chicken-600x600.jpg",
      "is_available": true,
      "created_at": "2022-11-08T19:42:43.254Z",
      "updated_at": "2022-11-13T00:45:13.937Z"
    }
  },
  {
    "model": "menu.fooditem",
    "pk": 4,
    "fields": {
      "vendor": 2,
      "category": 4,
      "food_title": "Fried Chicken",
      "slug": "fried-chicken",
      "description": "Test food chicken",
      "price": "12.50",
      "image": "food_images/chicken-600x600.jpg",
      "is_available": true,
      "created_at": "2022-11-08T19:44:32.055Z",
      "updated_at": "2022-11-08T19:44:32.055Z"
    }
  },
  {
    "model": "menu.fooditem",
    "pk": 5,
    "fields": {
      "vendor": 2,
      "category": 9,
      "food_title": "Cheese Crust Pizza",
      "slug": "cheese-crust-pizza",
      "description": "Cheesy Dou",
      "price": "13.00",
      "image": "food_images/brand_pic3.jpg",
      "is_available": true,
      "created_at": "2022-11-12T23:40:57.107Z",
      "updated_at": "2022-11-12T23:53:47.152Z"
    }
  },
  {
    "model": "menu.fooditem",
    "pk": 9,
    "fields": {
      "vendor": 3,
      "category": 17,
      "food_title": "Masala chai",
      "slug": "masala-chai",
      "description": "Hot masala Chai",
      "price": "2.00",
      "image": "food_images/images.jpeg",
      "is_available": true,
      "created_at": "2022-11-13T04:08:00.266Z",
      "updated_at": "2022-11-13T04:08:00.266Z"
    }
  },
  {
    "model": "menu.fooditem",
    "pk": 10,
    "fields": {
      "vendor": 5,
      "category": 19,
      "food_title": "Chicken burger",
      "slug": "chicken-burger",
      "description": "Cheesy and crispy chicken burger",
      "price": "8.00",
      "image": "food_images/burger-600x600.jpg",
      "is_available": true,
      "created_at": "2022-11-29T21:45:27.467Z",
      "updated_at": "2022-11-29T21:45:27.467Z"
    }
  },
  {
    "model": "menu.fooditem",
    "pk": 11,
    "fields": {
      "vendor": 5,
      "category": 20,
      "food_title": "Veggie",
      "slug": "veggie",
      "description": "Fresh vegetable sandwich",
      "price": "7.00",
      "image": "food_images/pille-r-priske-U0PiIS4Uvkc-unsplash.jpg",
      "is_available": true,
      "created_at": "2022-11-29T21:47:30.467Z",
      "updated_at": "2022-11-29T21:47:30.467Z"
    }
  },
  {
    "model": "menu.fooditem",
    "pk": 12,
    "fields": {
      "vendor": 6,
      "category": 21,
      "food_title": "Creamy garlic",
      "slug": "creamy-garlic",
      "description": "Onion, garlic with cheesy Dough",
      "price": "12.00",
      "image": "food_images/brand_pic3_1scyFxO.jpg",
      "is_available": true,
      "created_at": "2022-11-29T21:55:22.081Z",
      "updated_at": "2022-11-29T21:55:22.081Z"
    }
  },
  {
    "model": "menu.fooditem",
    "pk": 13,
    "fields": {
      "vendor": 6,
      "category": 22,
      "food_title": "Large garlic bread",
      "slug": "large-garlic-bread",
      "description": "",
      "price": "7.00",
      "image": "food_images/madara-moroza-90LjqCd31-Y-unsplash.jpg",
      "is_available": true,
      "created_at": "2022-11-29T21:57:21.085Z",
      "updated_at": "2022-11-29T21:57:21.085Z"
    }
  },
  {
    "model": "menu.fooditem",
    "pk": 14,
    "fields": {
      "vendor": 2,
      "category": 23,
      "food_title": "Chocolate milkshake",
      "slug": "chocolate-milkshake",
      "description": "Cold chocolate milkshake",
      "price": "6.00",
      "image": "food_images/kofi-buckley-DczJXIFg5cU-unsplash.jpg",
      "is_available": true,
      "created_at": "2022-11-30T01:16:27.213Z",
      "updated_at": "2022-11-30T01:16:27.213Z"
    }
  },
  {
    "model": "marketplace.cart",
    "pk": 84,
    "fields": {
      "user": 29,
      "fooditem": 9,
      "quantity": 2,
      "created_at": "2022-12-06T02:13:22.138Z",
      "updated_at": "2022-12-06T03:51:53.549Z"
    }
  },
  {
    "model": "marketplace.cart",
    "pk": 104,
    "fields": {
      "user": 24,
      "fooditem": 11,
      "quantity": 1,
      "created_at": "2022-12-12T05:49:45.695Z",
      "updated_at": "2022-12-12T23:02:36.091Z"
    }
  },
  {
    "model": "marketplace.cart",
    "pk": 109,
    "fields": {
      "user": 24,
      "fooditem": 13,
      "quantity": 3,
      "created_at": "2022-12-12T06:51:51.205Z",
      "updated_at": "2022-12-12T09:52:10.019Z"
    }
  },
  {
    "model": "marketplace.cart",
    "pk": 114,
    "fields": {
      "user": 24,
      "fooditem": 2,
      "quantity": 2,
      "created_at": "2022-12-12T08:04:46.277Z",
      "updated_at": "2022-12-12T09:52:15.088Z"
    }
  },
  {
    "model": "marketplace.cart",
    "pk": 116,
    "fields": {
      "user": 25,
      "fooditem": 5,
      "quantity": 1,
      "created_at": "2022-12-12T22:05:47.439Z",
      "updated_at": "2022-12-12T22:05:47.439Z"
    }
  },
  {
    "model": "marketplace.cart",
    "pk": 117,
    "fields": {
      "user": 25,
      "fooditem": 14,
      "quantity": 2,
      "created_at": "2022-12-12T22:05:48.765Z",
      "updated_at": "2022-12-12T22:05:59.901Z"
    }
  },
  {
    "model": "marketplace.cart",
    "pk": 118,
    "fields": {
      "user": 25,
      "fooditem": 4,
      "quantity": 1,
      "created_at": "2022-12-12T22:06:06.879Z",
      "updated_at": "2022-12-12T22:06:06.879Z"
    }
  },
  {
    "model": "marketplace.cart",
    "pk": 119,
    "fields": {
      "user": 24,
      "fooditem": 10,
      "quantity": 1,
      "created_at": "2022-12-12T23:02:34.145Z",
      "updated_at": "2022-12-12T23:02:34.145Z"
    }
  },
  {
    "model": "marketplace.cart",
    "pk": 120,
    "fields": {
      "user": 24,
      "fooditem": 1,
      "quantity": 2,
      "created_at": "2022-12-12T23:12:59.271Z",
      "updated_at": "2022-12-12T23:12:59.727Z"
    }
  },
  {
    "model": "marketplace.cart",
    "pk": 121,
    "fields": {
      "user": 24,
      "fooditem": 4,
      "quantity": 2,
      "created_at": "2022-12-12T23:13:01.113Z",
      "updated_at": "2022-12-12T23:13:01.492Z"
    }
  },
  {
    "model": "marketplace.tax",
    "pk": 3,
    "fields": {
      "tax_type": "HST",
      "tax_percentage": "13.00",
      "is_active": true
    }
  },
  {
    "model": "orders.payment",
    "pk": 1,
    "fields": {
      "user": 24,
      "transaction_id": "3CL768048T6523434",
      "payment_method": "PayPal",
      "amount": "29.38",
      "status": "COMPLETED",
      "created_at": "2022-12-08T06:13:53.243Z"
    }
  },
  {
    "model": "orders.payment",
    "pk": 2,
    "fields": {
      "user": 24,
      "transaction_id": "2CU76315DG4359848",
      "payment_method": "PayPal",
      "amount": "38.42",
      "status": "COMPLETED",
      "created_at": "2022-12-08T06:28:36.341Z"
    }
  },
  {
    "model": "orders.payment",
    "pk": 3,
    "fields": {
      "user": 24,
      "transaction_id": "0XV941899W1303927",
      "payment_method": "PayPal",
      "amount": "38.42",
      "status": "COMPLETED",
      "created_at": "2022-12-08T06:29:49.245Z"
    }
  },
  {
    "model": "orders.payment",
    "pk": 4,
    "fields": {
      "user": 24,
      "transaction_id": "4F6910111P639844J",
      "payment_method": "PayPal",
      "amount": "38.42",
      "status": "COMPLETED",
      "created_at": "2022-12-08T07:00:27.041Z"
    }
  },
  {
    "model": "orders.payment",
    "pk": 5,
    "fields": {
      "user": 24,
      "transaction_id": "9K786511H90495810",
      "payment_method": "PayPal",
      "amount": "38.42",
      "status": "COMPLETED",
      "created_at": "2022-12-08T07:01:50.711Z"
    }
  },
  {
    "model": "orders.payment",
    "pk": 6,
    "fields": {
      "user": 24,
      "transaction_id": "5L643683VX828482P",
      "payment_method": "PayPal",
      "amount": "38.42",
      "status": "COMPLETED",
      "created_at": "2022-12-08T07:03:23.795Z"
    }
  },
  {
    "model": "orders.payment",
    "pk": 7,
    "fields": {
      "user": 24,
      "transaction_id": "87J31545VK9180905",
      "payment_method": "PayPal",
      "amount": "38.42",
      "status": "COMPLETED",
      "created_at": "2022-12-08T07:04:13.906Z"
    }
  },
  {
    "model": "orders.payment",
    "pk": 8,
    "fields": {
      "user": 24,
      "transaction_id": "1T743985SU469523U",
      "payment_method": "PayPal",
      "amount": "38.42",
      "status": "COMPLETED",
      "created_at": "2022-12-08T07:11:33.479Z"
    }
  },
  {
    "model": "orders.payment",
    "pk": 9,
    "fields": {
      "user": 24,
      "transaction_id": "7BU768192R742631E",
      "payment_method": "PayPal",
      "amount": "38.42",
      "status": "COMPLETED",
      "created_at": "2022-12-08T07:16:11.510Z"
    }
  },
  {
    "model": "orders.payment",
    "pk": 10,
    "fields": {
      "user": 24,
      "transaction_id": "0VE76489ML466435P",
      "payment_method": "PayPal",
      "amount": "38.42",
      "status": "COMPLETED",
      "created_at": "2022-12-08T07:22:36.729Z"
    }
  },
  {
    "model": "orders.payment",
    "pk": 11,
    "fields": {
      "user": 24,
      "transaction_id": "6EG51986BX042551D",
      "payment_method": "PayPal",
      "amount": "38.42",
      "status": "COMPLETED",
      "created_at": "2022-12-08T07:23:30.214Z"
    }
  },
  {
    "model": "orders.payment",
    "pk": 12,
    "fields": {
      "user": 24,
      "transaction_id": "6J890224CL150351G",
      "payment_method": "PayPal",
      "amount": "38.42",
      "status": "COMPLETED",
      "created_at": "2022-12-08T07:24:26.907Z"
    }
  },
  {
    "model": "orders.payment",
    "pk": 13,
    "fields": {
      "user": 24,
      "transaction_id": "0A412067WX949180J",
      "payment_method": "PayPal",
      "amount": "38.42",
      "status": "COMPLETED",
      "created_at": "2022-12-08T07:28:02.209Z"
    }
  },
  {
    "model": "orders.payment",
    "pk": 14,
    "fields": {
      "user": 24,
      "transaction_id": "2NE39018WH2573239",
      "payment_method": "PayPal",
      "amount": "35.03",
      "status": "COMPLETED",
      "created_at": "2022-12-08T07:35:24.770Z"
    }
  },
  {
    "model": "orders.payment",
    "pk": 15,
    "fields": {
      "user": 24,
      "transaction_id": "6TW08752U6489632A",
      "payment_method": "PayPal",
      "amount": "49.72",
      "status": "COMPLETED",
      "created_at": "2022-12-08T21:02:09.099Z"
    }
  },
  {
    "model": "orders.payment",
    "pk": 16,
    "fields": {
      "user": 24,
      "transaction_id": "3VS47848131955141",
      "payment_method": "PayPal",
      "amount": "40.68",
      "status": "COMPLETED",
      "created_at": "2022-12-08T22:13:49.292Z"
    }
  },
  {
    "model": "orders.payment",
    "pk": 17,
    "fields": {
      "user": 24,
      "transaction_id": "94G65981575101037",
      "payment_method": "PayPal",
      "amount": "27.12",
      "status": "COMPLETED",
      "created_at": "2022-12-08T22:22:41.657Z"
    }
  },
  {
    "model": "orders.payment",
    "pk": 18,
    "fields": {
      "user": 24,
      "transaction_id": "9L708271YN1495505",
      "payment_method": "PayPal",
      "amount": "40.68",
      "status": "COMPLETED",
      "created_at": "2022-12-08T22:57:52.438Z"
    }
  },
  {
    "model": "orders.payment",
    "pk": 19,
    "fields": {
      "user": 24,
      "transaction_id": "8D448295RD9362205",
      "payment_method": "PayPal",
      "amount": "67.8",
      "status": "COMPLETED",
      "created_at": "2022-12-11T22:08:01.342Z"
    }
  },
  {
    "model": "orders.payment",
    "pk": 20,
    "fields": {
      "user": 24,
      "transaction_id": "3FM34051SY267774K",
      "payment_method": "PayPal",
      "amount": "52.54",
      "status": "COMPLETED",
      "created_at": "2022-12-12T05:50:29.796Z"
    }
  },
  {
    "model": "orders.payment",
    "pk": 21,
    "fields": {
      "user": 24,
      "transaction_id": "2KS96319292747330",
      "payment_method": "PayPal",
      "amount": "52.54",
      "status": "COMPLETED",
      "created_at": "2022-12-12T06:11:26.998Z"
    }
  },
  {
    "model": "orders.payment",
    "pk": 22,
    "fields": {
      "user": 24,
      "transaction_id": "3XA91026CG243873R",
      "payment_method": "PayPal",
      "amount": "54.8",
      "status": "COMPLETED",
      "created_at": "2022-12-12T06:39:55.679Z"
    }
  },
  {
    "model": "orders.payment",
    "pk": 23,
    "fields": {
      "user": 24,
      "transaction_id": "3X409330V4950921A",
      "payment_method": "PayPal",
      "amount": "31.08",
      "status": "COMPLETED",
      "created_at": "2022-12-12T06:50:40.749Z"
    }
  },
  {
    "model": "orders.payment",
    "pk": 24,
    "fields": {
      "user": 24,
      "transaction_id": "7JR02993JS935293A",
      "payment_method": "PayPal",
      "amount": "16.95",
      "status": "COMPLETED",
      "created_at": "2022-12-12T06:51:19.706Z"
    }
  },
  {
    "model": "orders.payment",
    "pk": 25,
    "fields": {
      "user": 24,
      "transaction_id": "69V94434WK6478317",
      "payment_method": "PayPal",
      "amount": "33.9",
      "status": "COMPLETED",
      "created_at": "2022-12-12T06:52:09.786Z"
    }
  },
  {
    "model": "orders.payment",
    "pk": 26,
    "fields": {
      "user": 24,
      "transaction_id": "0DC318631E8615808",
      "payment_method": "PayPal",
      "amount": "167.24",
      "status": "COMPLETED",
      "created_at": "2022-12-12T08:26:21.932Z"
    }
  },
  {
    "model": "orders.payment",
    "pk": 27,
    "fields": {
      "user": 24,
      "transaction_id": "43A159656B876194V",
      "payment_method": "PayPal",
      "amount": "140.12",
      "status": "COMPLETED",
      "created_at": "2022-12-12T09:21:01.183Z"
    }
  },
  {
    "model": "orders.payment",
    "pk": 28,
    "fields": {
      "user": 24,
      "transaction_id": "9LP08312JG4556324",
      "payment_method": "PayPal",
      "amount": "226.56",
      "status": "COMPLETED",
      "created_at": "2022-12-12T09:52:37.546Z"
    }
  },
  {
    "model": "orders.payment",
    "pk": 29,
    "fields": {
      "user": 24,
      "transaction_id": "4UH37118WP561292X",
      "payment_method": "PayPal",
      "amount": "226.56",
      "status": "COMPLETED",
      "created_at": "2022-12-12T12:02:23.067Z"
    }
  },
  {
    "model": "orders.payment",
    "pk": 30,
    "fields": {
      "user": 24,
      "transaction_id": "55V172924B3486302",
      "payment_method": "PayPal",
      "amount": "172.32",
      "status": "COMPLETED",
      "created_at": "2022-12-12T12:06:23.884Z"
    }
  },
  {
    "model": "orders.payment",
    "pk": 31,
    "fields": {
      "user": 24,
      "transaction_id": "8C478222M6507484G",
      "payment_method": "PayPal",
      "amount": "172.32",
      "status": "COMPLETED",
      "created_at": "2022-12-12T12:17:09.939Z"
    }
  },
  {
    "model": "orders.payment",
    "pk": 32,
    "fields": {
      "user": 24,
      "transaction_id": "0J127544GD043432Y",
      "payment_method": "PayPal",
      "amount": "172.32",
      "status": "COMPLETED",
      "created_at": "2022-12-12T12:18:53.236Z"
    }
  },
  {
    "model": "orders.payment",
    "pk": 33,
    "fields": {
      "user": 24,
      "transaction_id": "73H49425D5898892F",
      "payment_method": "PayPal",
      "amount": "172.32",
      "status": "COMPLETED",
      "created_at": "2022-12-12T12:20:04.797Z"
    }
  },
  {
    "model": "orders.payment",
    "pk": 34,
    "fields": {
      "user": 24,
      "transaction_id": "53B696622M4275813",
      "payment_method": "PayPal",
      "amount": "172.32",
      "status": "COMPLETED",
      "created_at": "2022-12-12T12:28:05.703Z"
    }
  },
  {
    "model": "orders.payment",
    "pk": 35,
    "fields": {
      "user": 24,
      "transaction_id": "7LG69694EN809145D",
      "payment_method": "PayPal",
      "amount": "120.91",
      "status": "COMPLETED",
      "created_at": "2022-12-12T12:33:23.209Z"
    }
  },
  {
    "model": "orders.payment",
    "pk": 36,
    "fields": {
      "user": 24,
      "transaction_id": "32918498CD934683R",
      "payment_method": "PayPal",
      "amount": "93.79",
      "status": "COMPLETED",
      "created_at": "2022-12-12T12:35:58.717Z"
    }
  },
  {
    "model": "orders.payment",
    "pk": 37,
    "fields": {
      "user": 24,
      "transaction_id": "1PX35023V8318931X",
      "payment_method": "PayPal",
      "amount": "93.79",
      "status": "COMPLETED",
      "created_at": "2022-12-12T13:01:17.450Z"
    }
  },
  {
    "model": "orders.payment",
    "pk": 38,
    "fields": {
      "user": 24,
      "transaction_id": "5PJ579950S5407119",
      "payment_method": "PayPal",
      "amount": "67.8",
      "status": "COMPLETED",
      "created_at": "2022-12-12T23:03:53.182Z"
    }
  },
  {
    "model": "orders.order",
    "pk": 60,
    "fields": {
      "user": 24,
      "payment": 26,
      "order_number": "2022121208244960",
      "first_name": "Nand",
      "last_name": "Vaghela",
      "phone": "7362846192",
      "email": "vaghelanandkumar@gmail.com",
      "address": "20 Sanagan Road, Etobicoke, ON, Canada",
      "country": "Canada",
      "state": "Ontario",
      "city": "Toronto",
      "pin_code": "M9V 1R9",
      "total": 167.24,
      "tax_data": "{\"HST\": {\"13.00\": 19.24}}",
      "total_data": "{\"5\": {\"23.00\": \"{'HST': {'13.00': '2.99'}}\"}, \"2\": {\"69.00\": \"{'HST': {'13.00': '8.97'}}\"}, \"3\": {\"6.00\": \"{'HST': {'13.00': '0.78'}}\"}, \"6\": {\"26.00\": \"{'HST': {'13.00': '3.38'}}\"}, \"7\": {\"24.00\": \"{'HST': {'13.00': '3.12'}}\"}}",
      "total_tax": 19.24,
      "payment_method": "PayPal",
      "status": "New",
      "is_ordered": true,
      "created_at": "2022-12-12T08:24:49.180Z",
      "updated_at": "2022-12-12T08:26:21.934Z",
      "vendors": [
        3,
        5,
        6,
        2
      ]
    }
  },
  {
    "model": "orders.order",
    "pk": 61,
    "fields": {
      "user": 24,
      "payment": 27,
      "order_number": "2022121209204461",
      "first_name": "Nand",
      "last_name": "Vaghela",
      "phone": "7362846192",
      "email": "vaghelanandkumar@gmail.com",
      "address": "20 Sanagan Road, Etobicoke, ON, Canada",
      "country": "Canada",
      "state": "Ontario",
      "city": "Toronto",
      "pin_code": "M9V 1R9",
      "total": 140.12,
      "tax_data": "{\"HST\": {\"13.00\": 16.12}}",
      "total_data": "{\"5\": {\"23.00\": \"{'HST': {'13.00': '2.99'}}\"}, \"2\": {\"69.00\": \"{'HST': {'13.00': '8.97'}}\"}, \"3\": {\"6.00\": \"{'HST': {'13.00': '0.78'}}\"}, \"6\": {\"26.00\": \"{'HST': {'13.00': '3.38'}}\"}}",
      "total_tax": 16.12,
      "payment_method": "PayPal",
      "status": "New",
      "is_ordered": true,
      "created_at": "2022-12-12T09:20:44.690Z",
      "updated_at": "2022-12-12T09:21:01.185Z",
      "vendors": [
        2,
        3,
        5,
        6
      ]
    }
  },
  {
    "model": "orders.order",
    "pk": 62,
    "fields": {
      "user": 24,
      "payment": 28,
      "order_number": "2022121209522362",
      "first_name": "Nand",
      "last_name": "Vaghela",
      "phone": "7362846192",
      "email": "vaghelanandkumar@gmail.com",
      "address": "20 Sanagan Road, Etobicoke, ON, Canada",
      "country": "Canada",
      "state": "Ontario",
      "city": "Toronto",
      "pin_code": "M9V 1R9",
      "total": 226.56,
      "tax_data": "{\"HST\": {\"13.00\": 26.06}}",
      "total_data": "{\"5\": {\"38.00\": \"{'HST': {'13.00': '4.94'}}\"}, \"2\": {\"109.50\": \"{'HST': {'13.00': '14.24'}}\"}, \"3\": {\"8.00\": \"{'HST': {'13.00': '1.04'}}\"}, \"6\": {\"45.00\": \"{'HST': {'13.00': '5.85'}}\"}}",
      "total_tax": 26.06,
      "payment_method": "PayPal",
      "status": "New",
      "is_ordered": true,
      "created_at": "2022-12-12T09:52:23.317Z",
      "updated_at": "2022-12-12T09:52:37.549Z",
      "vendors": [
        2,
        3,
        5,
        6
      ]
    }
  },
  {
    "model": "orders.order",
    "pk": 63,
    "fields": {
      "user": 24,
      "payment": 29,
      "order_number": "2022121212020563",
      "first_name": "Nand",
      "last_name": "Vaghela",
      "phone": "7362846192",
      "email": "nandvaghela1@gmail.com",
      "address": "20 Sanagan Road, Etobicoke, ON, Canada",
      "country": "Canada",
      "state": "Ontario",
      "city": "Toronto",
      "pin_code": "M9V 1R9",
      "total": 226.56,
      "tax_data": "{\"HST\": {\"13.00\": 26.06}}",
      "total_data": "{\"5\": {\"38.00\": \"{'HST': {'13.00': '4.94'}}\"}, \"2\": {\"109.50\": \"{'HST': {'13.00': '14.24'}}\"}, \"3\": {\"8.00\": \"{'HST': {'13.00': '1.04'}}\"}, \"6\": {\"45.00\": \"{'HST': {'13.00': '5.85'}}\"}}",
      "total_tax": 26.06,
      "payment_method": "PayPal",
      "status": "New",
      "is_ordered": true,
      "created_at": "2022-12-12T12:02:05.985Z",
      "updated_at": "2022-12-12T12:02:23.070Z",
      "vendors": [
        2,
        3,
        5,
        6
      ]
    }
  },
  {
    "model": "orders.order",
    "pk": 64,
    "fields": {
      "user": 24,
      "payment": 30,
      "order_number": "2022121212050964",
      "first_name": "Nand",
      "last_name": "Vaghela",
      "phone": "7362846192",
      "email": "nandvaghela1@gmail.com",
      "address": "20 Sanagan Road, Etobicoke, ON, Canada",
      "country": "Canada",
      "state": "Ontario",
      "city": "Toronto",
      "pin_code": "M9V 1R9",
      "total": 172.32,
      "tax_data": "{\"HST\": {\"13.00\": 19.82}}",
      "total_data": "{\"5\": {\"38.00\": \"{'HST': {'13.00': '4.94'}}\"}, \"3\": {\"8.00\": \"{'HST': {'13.00': '1.04'}}\"}, \"6\": {\"45.00\": \"{'HST': {'13.00': '5.85'}}\"}, \"2\": {\"61.50\": \"{'HST': {'13.00': '8.00'}}\"}}",
      "total_tax": 19.82,
      "payment_method": "PayPal",
      "status": "New",
      "is_ordered": true,
      "created_at": "2022-12-12T12:05:09.630Z",
      "updated_at": "2022-12-12T12:06:23.887Z",
      "vendors": [
        2,
        3,
        5,
        6
      ]
    }
  },
  {
    "model": "orders.order",
    "pk": 65,
    "fields": {
      "user": 24,
      "payment": 31,
      "order_number": "2022121212165965",
      "first_name": "Nand",
      "last_name": "Vaghela",
      "phone": "7362846192",
      "email": "nandvaghela1@gmail.com",
      "address": "20 Sanagan Road, Etobicoke, ON, Canada",
      "country": "Canada",
      "state": "Ontario",
      "city": "Toronto",
      "pin_code": "M9V 1R9",
      "total": 172.32,
      "tax_data": "{\"HST\": {\"13.00\": 19.82}}",
      "total_data": "{\"5\": {\"38.00\": \"{'HST': {'13.00': '4.94'}}\"}, \"3\": {\"8.00\": \"{'HST': {'13.00': '1.04'}}\"}, \"6\": {\"45.00\": \"{'HST': {'13.00': '5.85'}}\"}, \"2\": {\"61.50\": \"{'HST': {'13.00': '8.00'}}\"}}",
      "total_tax": 19.82,
      "payment_method": "PayPal",
      "status": "New",
      "is_ordered": true,
      "created_at": "2022-12-12T12:16:59.529Z",
      "updated_at": "2022-12-12T12:17:09.941Z",
      "vendors": [
        2,
        3,
        5,
        6
      ]
    }
  },
  {
    "model": "orders.order",
    "pk": 66,
    "fields": {
      "user": 24,
      "payment": 32,
      "order_number": "2022121212184266",
      "first_name": "Nand",
      "last_name": "Vaghela",
      "phone": "7362846192",
      "email": "nandvaghela1@gmail.com",
      "address": "20 Sanagan Road, Etobicoke, ON, Canada",
      "country": "Canada",
      "state": "Ontario",
      "city": "Toronto",
      "pin_code": "M9V 1R9",
      "total": 172.32,
      "tax_data": "{\"HST\": {\"13.00\": 19.82}}",
      "total_data": "{\"5\": {\"38.00\": \"{'HST': {'13.00': '4.94'}}\"}, \"3\": {\"8.00\": \"{'HST': {'13.00': '1.04'}}\"}, \"6\": {\"45.00\": \"{'HST': {'13.00': '5.85'}}\"}, \"2\": {\"61.50\": \"{'HST': {'13.00': '8.00'}}\"}}",
      "total_tax": 19.82,
      "payment_method": "PayPal",
      "status": "New",
      "is_ordered": true,
      "created_at": "2022-12-12T12:18:42.075Z",
      "updated_at": "2022-12-12T12:18:53.237Z",
      "vendors": [
        2,
        3,
        5,
        6
      ]
    }
  },
  {
    "model": "orders.order",
    "pk": 67,
    "fields": {
      "user": 24,
      "payment": 33,
      "order_number": "2022121212195467",
      "first_name": "Nand",
      "last_name": "Vaghela",
      "phone": "7362846192",
      "email": "sprayerson24@gmail.com",
      "address": "20 Sanagan Road, Etobicoke, ON, Canada",
      "country": "Canada",
      "state": "Ontario",
      "city": "Toronto",
      "pin_code": "M9V 1R9",
      "total": 172.32,
      "tax_data": "{\"HST\": {\"13.00\": 19.82}}",
      "total_data": "{\"5\": {\"38.00\": \"{'HST': {'13.00': '4.94'}}\"}, \"3\": {\"8.00\": \"{'HST': {'13.00': '1.04'}}\"}, \"6\": {\"45.00\": \"{'HST': {'13.00': '5.85'}}\"}, \"2\": {\"61.50\": \"{'HST': {'13.00': '8.00'}}\"}}",
      "total_tax": 19.82,
      "payment_method": "PayPal",
      "status": "New",
      "is_ordered": true,
      "created_at": "2022-12-12T12:19:54.204Z",
      "updated_at": "2022-12-12T12:20:04.799Z",
      "vendors": [
        2,
        3,
        5,
        6
      ]
    }
  },
  {
    "model": "orders.order",
    "pk": 68,
    "fields": {
      "user": 24,
      "payment": 34,
      "order_number": "2022121212275468",
      "first_name": "Nand",
      "last_name": "Vaghela",
      "phone": "7362846192",
      "email": "sprayerson24@gmail.com",
      "address": "20 Sanagan Road, Etobicoke, ON, Canada",
      "country": "Canada",
      "state": "Ontario",
      "city": "Toronto",
      "pin_code": "M9V 1R9",
      "total": 172.32,
      "tax_data": "{\"HST\": {\"13.00\": 19.82}}",
      "total_data": "{\"5\": {\"38.00\": \"{'HST': {'13.00': '4.94'}}\"}, \"3\": {\"8.00\": \"{'HST': {'13.00': '1.04'}}\"}, \"6\": {\"45.00\": \"{'HST': {'13.00': '5.85'}}\"}, \"2\": {\"61.50\": \"{'HST': {'13.00': '8.00'}}\"}}",
      "total_tax": 19.82,
      "payment_method": "PayPal",
      "status": "New",
      "is_ordered": true,
      "created_at": "2022-12-12T12:27:54.797Z",
      "updated_at": "2022-12-12T12:28:05.706Z",
      "vendors": [
        2,
        3,
        5,
        6
      ]
    }
  },
  {
    "model": "orders.order",
    "pk": 69,
    "fields": {
      "user": 24,
      "payment": 35,
      "order_number": "2022121212330569",
      "first_name": "Nand",
      "last_name": "Vaghela",
      "phone": "7362846192",
      "email": "nandvaghela1@gmail.com",
      "address": "20 Sanagan Road, Etobicoke, ON, Canada",
      "country": "Canada",
      "state": "Ontario",
      "city": "Toronto",
      "pin_code": "M9V 1R9",
      "total": 120.91,
      "tax_data": "{\"HST\": {\"13.00\": 13.91}}",
      "total_data": "{\"5\": {\"38.00\": \"{'HST': {'13.00': '4.94'}}\"}, \"6\": {\"45.00\": \"{'HST': {'13.00': '5.85'}}\"}, \"2\": {\"24.00\": \"{'HST': {'13.00': '3.12'}}\"}}",
      "total_tax": 13.91,
      "payment_method": "PayPal",
      "status": "New",
      "is_ordered": true,
      "created_at": "2022-12-12T12:33:05.363Z",
      "updated_at": "2022-12-12T12:33:23.211Z",
      "vendors": [
        2,
        5,
        6
      ]
    }
  },
  {
    "model": "orders.order",
    "pk": 70,
    "fields": {
      "user": 24,
      "payment": 36,
      "order_number": "2022121212354970",
      "first_name": "Nand",
      "last_name": "Vaghela",
      "phone": "7362846192",
      "email": "nandvaghela1@gmail.com",
      "address": "20 Sanagan Road, Etobicoke, ON, Canada",
      "country": "Canada",
      "state": "Ontario",
      "city": "Toronto",
      "pin_code": "M9V 1R9",
      "total": 93.79,
      "tax_data": "{\"HST\": {\"13.00\": 10.79}}",
      "total_data": "{\"5\": {\"14.00\": \"{'HST': {'13.00': '1.82'}}\"}, \"6\": {\"45.00\": \"{'HST': {'13.00': '5.85'}}\"}, \"2\": {\"24.00\": \"{'HST': {'13.00': '3.12'}}\"}}",
      "total_tax": 10.79,
      "payment_method": "PayPal",
      "status": "New",
      "is_ordered": true,
      "created_at": "2022-12-12T12:35:49.570Z",
      "updated_at": "2022-12-12T12:35:58.723Z",
      "vendors": [
        2,
        5,
        6
      ]
    }
  },
  {
    "model": "orders.order",
    "pk": 71,
    "fields": {
      "user": 24,
      "payment": 37,
      "order_number": "2022121213010471",
      "first_name": "Nand",
      "last_name": "Vaghela",
      "phone": "7362846192",
      "email": "vaghelanandkumar@gmail.com",
      "address": "20 Sanagan Road, Etobicoke, ON, Canada",
      "country": "Canada",
      "state": "Ontario",
      "city": "Toronto",
      "pin_code": "M9V 1R9",
      "total": 93.79,
      "tax_data": "{\"HST\": {\"13.00\": 10.79}}",
      "total_data": "{\"5\": {\"14.00\": \"{'HST': {'13.00': '1.82'}}\"}, \"6\": {\"45.00\": \"{'HST': {'13.00': '5.85'}}\"}, \"2\": {\"24.00\": \"{'HST': {'13.00': '3.12'}}\"}}",
      "total_tax": 10.79,
      "payment_method": "PayPal",
      "status": "New",
      "is_ordered": true,
      "created_at": "2022-12-12T13:01:04.397Z",
      "updated_at": "2022-12-12T13:01:17.452Z",
      "vendors": [
        2,
        5,
        6
      ]
    }
  },
  {
    "model": "orders.order",
    "pk": 72,
    "fields": {
      "user": 25,
      "payment": null,
      "order_number": "2022121222075472",
      "first_name": "Vendor",
      "last_name": "Restaurant",
      "phone": "",
      "email": "vaghelanand9@gmail.com",
      "address": "1530 Albion Road, Etobicoke, ON, Canada",
      "country": "Canada",
      "state": "Ontario",
      "city": "Toronto",
      "pin_code": "M9V 5H4",
      "total": 42.38,
      "tax_data": "{\"HST\": {\"13.00\": 4.88}}",
      "total_data": "{\"2\": {\"37.50\": \"{'HST': {'13.00': '4.88'}}\"}}",
      "total_tax": 4.88,
      "payment_method": "PayPal",
      "status": "New",
      "is_ordered": false,
      "created_at": "2022-12-12T22:07:54.077Z",
      "updated_at": "2022-12-12T22:07:54.097Z",
      "vendors": [
        2
      ]
    }
  },
  {
    "model": "orders.order",
    "pk": 73,
    "fields": {
      "user": 24,
      "payment": 38,
      "order_number": "2022121223033873",
      "first_name": "Nand",
      "last_name": "Vaghela",
      "phone": "7362846192",
      "email": "vaghelanandkumar@gmail.com",
      "address": "20 Sanagan Road, Etobicoke, ON, Canada",
      "country": "Canada",
      "state": "Ontario",
      "city": "Toronto",
      "pin_code": "M9V 1R9",
      "total": 67.8,
      "tax_data": "{\"HST\": {\"13.00\": 7.80}}",
      "total_data": "{\"5\": {\"15.00\": \"{'HST': {'13.00': '1.95'}}\"}, \"6\": {\"21.00\": \"{'HST': {'13.00': '2.73'}}\"}, \"2\": {\"24.00\": \"{'HST': {'13.00': '3.12'}}\"}}",
      "total_tax": 7.8,
      "payment_method": "PayPal",
      "status": "New",
      "is_ordered": true,
      "created_at": "2022-12-12T23:03:38.349Z",
      "updated_at": "2022-12-12T23:03:53.186Z",
      "vendors": [
        2,
        5,
        6
      ]
    }
  },
  {
    "model": "orders.orderedfood",
    "pk": 66,
    "fields": {
      "order": 60,
      "payment": 26,
      "user": 24,
      "fooditem": 9,
      "quantity": 3,
      "price": 2.0,
      "amount": 6.0,
      "created_at": "2022-12-12T08:26:21.946Z",
      "updated_at": "2022-12-12T08:26:21.946Z"
    }
  },
  {
    "model": "orders.orderedfood",
    "pk": 67,
    "fields": {
      "order": 60,
      "payment": 26,
      "user": 24,
      "fooditem": 13,
      "quantity": 2,
      "price": 7.0,
      "amount": 14.0,
      "created_at": "2022-12-12T08:26:21.948Z",
      "updated_at": "2022-12-12T08:26:21.948Z"
    }
  },
  {
    "model": "orders.orderedfood",
    "pk": 68,
    "fields": {
      "order": 60,
      "payment": 26,
      "user": 24,
      "fooditem": 1,
      "quantity": 2,
      "price": 10.0,
      "amount": 20.0,
      "created_at": "2022-12-12T08:26:21.950Z",
      "updated_at": "2022-12-12T08:26:21.950Z"
    }
  },
  {
    "model": "orders.orderedfood",
    "pk": 70,
    "fields": {
      "order": 60,
      "payment": 26,
      "user": 24,
      "fooditem": 4,
      "quantity": 2,
      "price": 12.5,
      "amount": 25.0,
      "created_at": "2022-12-12T08:26:21.953Z",
      "updated_at": "2022-12-12T08:26:21.953Z"
    }
  },
  {
    "model": "orders.orderedfood",
    "pk": 71,
    "fields": {
      "order": 60,
      "payment": 26,
      "user": 24,
      "fooditem": 10,
      "quantity": 2,
      "price": 8.0,
      "amount": 16.0,
      "created_at": "2022-12-12T08:26:21.954Z",
      "updated_at": "2022-12-12T08:26:21.954Z"
    }
  },
  {
    "model": "orders.orderedfood",
    "pk": 72,
    "fields": {
      "order": 60,
      "payment": 26,
      "user": 24,
      "fooditem": 2,
      "quantity": 1,
      "price": 12.0,
      "amount": 12.0,
      "created_at": "2022-12-12T08:26:21.955Z",
      "updated_at": "2022-12-12T08:26:21.955Z"
    }
  },
  {
    "model": "orders.orderedfood",
    "pk": 73,
    "fields": {
      "order": 60,
      "payment": 26,
      "user": 24,
      "fooditem": 12,
      "quantity": 1,
      "price": 12.0,
      "amount": 12.0,
      "created_at": "2022-12-12T08:26:21.957Z",
      "updated_at": "2022-12-12T08:26:21.957Z"
    }
  },
  {
    "model": "orders.orderedfood",
    "pk": 74,
    "fields": {
      "order": 60,
      "payment": 26,
      "user": 24,
      "fooditem": 11,
      "quantity": 1,
      "price": 7.0,
      "amount": 7.0,
      "created_at": "2022-12-12T08:26:21.960Z",
      "updated_at": "2022-12-12T08:26:21.960Z"
    }
  },
  {
    "model": "orders.orderedfood",
    "pk": 75,
    "fields": {
      "order": 60,
      "payment": 26,
      "user": 24,
      "fooditem": 14,
      "quantity": 2,
      "price": 6.0,
      "amount": 12.0,
      "created_at": "2022-12-12T08:26:21.962Z",
      "updated_at": "2022-12-12T08:26:21.962Z"
    }
  },
  {
    "model": "orders.orderedfood",
    "pk": 76,
    "fields": {
      "order": 61,
      "payment": 27,
      "user": 24,
      "fooditem": 9,
      "quantity": 3,
      "price": 2.0,
      "amount": 6.0,
      "created_at": "2022-12-12T09:21:01.200Z",
      "updated_at": "2022-12-12T09:21:01.200Z"
    }
  },
  {
    "model": "orders.orderedfood",
    "pk": 77,
    "fields": {
      "order": 61,
      "payment": 27,
      "user": 24,
      "fooditem": 13,
      "quantity": 2,
      "price": 7.0,
      "amount": 14.0,
      "created_at": "2022-12-12T09:21:01.204Z",
      "updated_at": "2022-12-12T09:21:01.204Z"
    }
  },
  {
    "model": "orders.orderedfood",
    "pk": 78,
    "fields": {
      "order": 61,
      "payment": 27,
      "user": 24,
      "fooditem": 1,
      "quantity": 2,
      "price": 10.0,
      "amount": 20.0,
      "created_at": "2022-12-12T09:21:01.208Z",
      "updated_at": "2022-12-12T09:21:01.208Z"
    }
  },
  {
    "model": "orders.orderedfood",
    "pk": 79,
    "fields": {
      "order": 61,
      "payment": 27,
      "user": 24,
      "fooditem": 4,
      "quantity": 2,
      "price": 12.5,
      "amount": 25.0,
      "created_at": "2022-12-12T09:21:01.212Z",
      "updated_at": "2022-12-12T09:21:01.212Z"
    }
  },
  {
    "model": "orders.orderedfood",
    "pk": 80,
    "fields": {
      "order": 61,
      "payment": 27,
      "user": 24,
      "fooditem": 10,
      "quantity": 2,
      "price": 8.0,
      "amount": 16.0,
      "created_at": "2022-12-12T09:21:01.216Z",
      "updated_at": "2022-12-12T09:21:01.216Z"
    }
  },
  {
    "model": "orders.orderedfood",
    "pk": 81,
    "fields": {
      "order": 61,
      "payment": 27,
      "user": 24,
      "fooditem": 2,
      "quantity": 1,
      "price": 12.0,
      "amount": 12.0,
      "created_at": "2022-12-12T09:21:01.220Z",
      "updated_at": "2022-12-12T09:21:01.220Z"
    }
  },
  {
    "model": "orders.orderedfood",
    "pk": 82,
    "fields": {
      "order": 61,
      "payment": 27,
      "user": 24,
      "fooditem": 12,
      "quantity": 1,
      "price": 12.0,
      "amount": 12.0,
      "created_at": "2022-12-12T09:21:01.223Z",
      "updated_at": "2022-12-12T09:21:01.224Z"
    }
  },
  {
    "model": "orders.orderedfood",
    "pk": 83,
    "fields": {
      "order": 61,
      "payment": 27,
      "user": 24,
      "fooditem": 11,
      "quantity": 1,
      "price": 7.0,
      "amount": 7.0,
      "created_at": "2022-12-12T09:21:01.227Z",
      "updated_at": "2022-12-12T09:21:01.227Z"
    }
  },
  {
    "model": "orders.orderedfood",
    "pk": 84,
    "fields": {
      "order": 61,
      "payment": 27,
      "user": 24,
      "fooditem": 14,
      "quantity": 2,
      "price": 6.0,
      "amount": 12.0,
      "created_at": "2022-12-12T09:21:01.231Z",
      "updated_at": "2022-12-12T09:21:01.231Z"
    }
  },
  {
    "model": "orders.orderedfood",
    "pk": 85,
    "fields": {
      "order": 62,
      "payment": 28,
      "user": 24,
      "fooditem": 11,
      "quantity": 2,
      "price": 7.0,
      "amount": 14.0,
      "created_at": "2022-12-12T09:52:37.555Z",
      "updated_at": "2022-12-12T09:52:37.555Z"
    }
  },
  {
    "model": "orders.orderedfood",
    "pk": 86,
    "fields": {
      "order": 62,
      "payment": 28,
      "user": 24,
      "fooditem": 14,
      "quantity": 3,
      "price": 6.0,
      "amount": 18.0,
      "created_at": "2022-12-12T09:52:37.558Z",
      "updated_at": "2022-12-12T09:52:37.558Z"
    }
  },
  {
    "model": "orders.orderedfood",
    "pk": 87,
    "fields": {
      "order": 62,
      "payment": 28,
      "user": 24,
      "fooditem": 9,
      "quantity": 4,
      "price": 2.0,
      "amount": 8.0,
      "created_at": "2022-12-12T09:52:37.560Z",
      "updated_at": "2022-12-12T09:52:37.560Z"
    }
  },
  {
    "model": "orders.orderedfood",
    "pk": 88,
    "fields": {
      "order": 62,
      "payment": 28,
      "user": 24,
      "fooditem": 13,
      "quantity": 3,
      "price": 7.0,
      "amount": 21.0,
      "created_at": "2022-12-12T09:52:37.564Z",
      "updated_at": "2022-12-12T09:52:37.564Z"
    }
  },
  {
    "model": "orders.orderedfood",
    "pk": 89,
    "fields": {
      "order": 62,
      "payment": 28,
      "user": 24,
      "fooditem": 1,
      "quantity": 3,
      "price": 10.0,
      "amount": 30.0,
      "created_at": "2022-12-12T09:52:37.569Z",
      "updated_at": "2022-12-12T09:52:37.569Z"
    }
  },
  {
    "model": "orders.orderedfood",
    "pk": 90,
    "fields": {
      "order": 62,
      "payment": 28,
      "user": 24,
      "fooditem": 4,
      "quantity": 3,
      "price": 12.5,
      "amount": 37.5,
      "created_at": "2022-12-12T09:52:37.572Z",
      "updated_at": "2022-12-12T09:52:37.572Z"
    }
  },
  {
    "model": "orders.orderedfood",
    "pk": 91,
    "fields": {
      "order": 62,
      "payment": 28,
      "user": 24,
      "fooditem": 10,
      "quantity": 3,
      "price": 8.0,
      "amount": 24.0,
      "created_at": "2022-12-12T09:52:37.574Z",
      "updated_at": "2022-12-12T09:52:37.574Z"
    }
  },
  {
    "model": "orders.orderedfood",
    "pk": 92,
    "fields": {
      "order": 62,
      "payment": 28,
      "user": 24,
      "fooditem": 2,
      "quantity": 2,
      "price": 12.0,
      "amount": 24.0,
      "created_at": "2022-12-12T09:52:37.576Z",
      "updated_at": "2022-12-12T09:52:37.576Z"
    }
  },
  {
    "model": "orders.orderedfood",
    "pk": 93,
    "fields": {
      "order": 62,
      "payment": 28,
      "user": 24,
      "fooditem": 12,
      "quantity": 2,
      "price": 12.0,
      "amount": 24.0,
      "created_at": "2022-12-12T09:52:37.579Z",
      "updated_at": "2022-12-12T09:52:37.579Z"
    }
  },
  {
    "model": "orders.orderedfood",
    "pk": 94,
    "fields": {
      "order": 63,
      "payment": 29,
      "user": 24,
      "fooditem": 11,
      "quantity": 2,
      "price": 7.0,
      "amount": 14.0,
      "created_at": "2022-12-12T12:02:23.078Z",
      "updated_at": "2022-12-12T12:02:23.078Z"
    }
  },
  {
    "model": "orders.orderedfood",
    "pk": 95,
    "fields": {
      "order": 63,
      "payment": 29,
      "user": 24,
      "fooditem": 14,
      "quantity": 3,
      "price": 6.0,
      "amount": 18.0,
      "created_at": "2022-12-12T12:02:23.082Z",
      "updated_at": "2022-12-12T12:02:23.083Z"
    }
  },
  {
    "model": "orders.orderedfood",
    "pk": 96,
    "fields": {
      "order": 63,
      "payment": 29,
      "user": 24,
      "fooditem": 9,
      "quantity": 4,
      "price": 2.0,
      "amount": 8.0,
      "created_at": "2022-12-12T12:02:23.085Z",
      "updated_at": "2022-12-12T12:02:23.085Z"
    }
  },
  {
    "model": "orders.orderedfood",
    "pk": 97,
    "fields": {
      "order": 63,
      "payment": 29,
      "user": 24,
      "fooditem": 13,
      "quantity": 3,
      "price": 7.0,
      "amount": 21.0,
      "created_at": "2022-12-12T12:02:23.088Z",
      "updated_at": "2022-12-12T12:02:23.088Z"
    }
  },
  {
    "model": "orders.orderedfood",
    "pk": 98,
    "fields": {
      "order": 63,
      "payment": 29,
      "user": 24,
      "fooditem": 1,
      "quantity": 3,
      "price": 10.0,
      "amount": 30.0,
      "created_at": "2022-12-12T12:02:23.092Z",
      "updated_at": "2022-12-12T12:02:23.092Z"
    }
  },
  {
    "model": "orders.orderedfood",
    "pk": 99,
    "fields": {
      "order": 63,
      "payment": 29,
      "user": 24,
      "fooditem": 4,
      "quantity": 3,
      "price": 12.5,
      "amount": 37.5,
      "created_at": "2022-12-12T12:02:23.095Z",
      "updated_at": "2022-12-12T12:02:23.095Z"
    }
  },
  {
    "model": "orders.orderedfood",
    "pk": 100,
    "fields": {
      "order": 63,
      "payment": 29,
      "user": 24,
      "fooditem": 10,
      "quantity": 3,
      "price": 8.0,
      "amount": 24.0,
      "created_at": "2022-12-12T12:02:23.099Z",
      "updated_at": "2022-12-12T12:02:23.099Z"
    }
  },
  {
    "model": "orders.orderedfood",
    "pk": 101,
    "fields": {
      "order": 63,
      "payment": 29,
      "user": 24,
      "fooditem": 2,
      "quantity": 2,
      "price": 12.0,
      "amount": 24.0,
      "created_at": "2022-12-12T12:02:23.103Z",
      "updated_at": "2022-12-12T12:02:23.103Z"
    }
  },
  {
    "model": "orders.orderedfood",
    "pk": 102,
    "fields": {
      "order": 63,
      "payment": 29,
      "user": 24,
      "fooditem": 12,
      "quantity": 2,
      "price": 12.0,
      "amount": 24.0,
      "created_at": "2022-12-12T12:02:23.105Z",
      "updated_at": "2022-12-12T12:02:23.105Z"
    }
  },
  {
    "model": "orders.orderedfood",
    "pk": 103,
    "fields": {
      "order": 64,
      "payment": 30,
      "user": 24,
      "fooditem": 11,
      "quantity": 2,
      "price": 7.0,
      "amount": 14.0,
      "created_at": "2022-12-12T12:06:23.902Z",
      "updated_at": "2022-12-12T12:06:23.902Z"
    }
  },
  {
    "model": "orders.orderedfood",
    "pk": 104,
    "fields": {
      "order": 64,
      "payment": 30,
      "user": 24,
      "fooditem": 9,
      "quantity": 4,
      "price": 2.0,
      "amount": 8.0,
      "created_at": "2022-12-12T12:06:23.906Z",
      "updated_at": "2022-12-12T12:06:23.906Z"
    }
  },
  {
    "model": "orders.orderedfood",
    "pk": 105,
    "fields": {
      "order": 64,
      "payment": 30,
      "user": 24,
      "fooditem": 13,
      "quantity": 3,
      "price": 7.0,
      "amount": 21.0,
      "created_at": "2022-12-12T12:06:23.910Z",
      "updated_at": "2022-12-12T12:06:23.910Z"
    }
  },
  {
    "model": "orders.orderedfood",
    "pk": 106,
    "fields": {
      "order": 64,
      "payment": 30,
      "user": 24,
      "fooditem": 4,
      "quantity": 3,
      "price": 12.5,
      "amount": 37.5,
      "created_at": "2022-12-12T12:06:23.912Z",
      "updated_at": "2022-12-12T12:06:23.912Z"
    }
  },
  {
    "model": "orders.orderedfood",
    "pk": 107,
    "fields": {
      "order": 64,
      "payment": 30,
      "user": 24,
      "fooditem": 10,
      "quantity": 3,
      "price": 8.0,
      "amount": 24.0,
      "created_at": "2022-12-12T12:06:23.915Z",
      "updated_at": "2022-12-12T12:06:23.915Z"
    }
  },
  {
    "model": "orders.orderedfood",
    "pk": 108,
    "fields": {
      "order": 64,
      "payment": 30,
      "user": 24,
      "fooditem": 2,
      "quantity": 2,
      "price": 12.0,
      "amount": 24.0,
      "created_at": "2022-12-12T12:06:23.918Z",
      "updated_at": "2022-12-12T12:06:23.919Z"
    }
  },
  {
    "model": "orders.orderedfood",
    "pk": 109,
    "fields": {
      "order": 64,
      "payment": 30,
      "user": 24,
      "fooditem": 12,
      "quantity": 2,
      "price": 12.0,
      "amount": 24.0,
      "created_at": "2022-12-12T12:06:23.921Z",
      "updated_at": "2022-12-12T12:06:23.921Z"
    }
  },
  {
    "model": "orders.orderedfood",
    "pk": 110,
    "fields": {
      "order": 65,
      "payment": 31,
      "user": 24,
      "fooditem": 11,
      "quantity": 2,
      "price": 7.0,
      "amount": 14.0,
      "created_at": "2022-12-12T12:17:09.950Z",
      "updated_at": "2022-12-12T12:17:09.950Z"
    }
  },
  {
    "model": "orders.orderedfood",
    "pk": 111,
    "fields": {
      "order": 65,
      "payment": 31,
      "user": 24,
      "fooditem": 9,
      "quantity": 4,
      "price": 2.0,
      "amount": 8.0,
      "created_at": "2022-12-12T12:17:09.955Z",
      "updated_at": "2022-12-12T12:17:09.955Z"
    }
  },
  {
    "model": "orders.orderedfood",
    "pk": 112,
    "fields": {
      "order": 65,
      "payment": 31,
      "user": 24,
      "fooditem": 13,
      "quantity": 3,
      "price": 7.0,
      "amount": 21.0,
      "created_at": "2022-12-12T12:17:09.966Z",
      "updated_at": "2022-12-12T12:17:09.966Z"
    }
  },
  {
    "model": "orders.orderedfood",
    "pk": 113,
    "fields": {
      "order": 65,
      "payment": 31,
      "user": 24,
      "fooditem": 4,
      "quantity": 3,
      "price": 12.5,
      "amount": 37.5,
      "created_at": "2022-12-12T12:17:09.971Z",
      "updated_at": "2022-12-12T12:17:09.971Z"
    }
  },
  {
    "model": "orders.orderedfood",
    "pk": 114,
    "fields": {
      "order": 65,
      "payment": 31,
      "user": 24,
      "fooditem": 10,
      "quantity": 3,
      "price": 8.0,
      "amount": 24.0,
      "created_at": "2022-12-12T12:17:09.974Z",
      "updated_at": "2022-12-12T12:17:09.974Z"
    }
  },
  {
    "model": "orders.orderedfood",
    "pk": 115,
    "fields": {
      "order": 65,
      "payment": 31,
      "user": 24,
      "fooditem": 2,
      "quantity": 2,
      "price": 12.0,
      "amount": 24.0,
      "created_at": "2022-12-12T12:17:09.976Z",
      "updated_at": "2022-12-12T12:17:09.976Z"
    }
  },
  {
    "model": "orders.orderedfood",
    "pk": 116,
    "fields": {
      "order": 65,
      "payment": 31,
      "user": 24,
      "fooditem": 12,
      "quantity": 2,
      "price": 12.0,
      "amount": 24.0,
      "created_at": "2022-12-12T12:17:09.979Z",
      "updated_at": "2022-12-12T12:17:09.979Z"
    }
  },
  {
    "model": "orders.orderedfood",
    "pk": 117,
    "fields": {
      "order": 66,
      "payment": 32,
      "user": 24,
      "fooditem": 11,
      "quantity": 2,
      "price": 7.0,
      "amount": 14.0,
      "created_at": "2022-12-12T12:18:53.244Z",
      "updated_at": "2022-12-12T12:18:53.244Z"
    }
  },
  {
    "model": "orders.orderedfood",
    "pk": 118,
    "fields": {
      "order": 66,
      "payment": 32,
      "user": 24,
      "fooditem": 9,
      "quantity": 4,
      "price": 2.0,
      "amount": 8.0,
      "created_at": "2022-12-12T12:18:53.248Z",
      "updated_at": "2022-12-12T12:18:53.248Z"
    }
  },
  {
    "model": "orders.orderedfood",
    "pk": 119,
    "fields": {
      "order": 66,
      "payment": 32,
      "user": 24,
      "fooditem": 13,
      "quantity": 3,
      "price": 7.0,
      "amount": 21.0,
      "created_at": "2022-12-12T12:18:53.250Z",
      "updated_at": "2022-12-12T12:18:53.250Z"
    }
  },
  {
    "model": "orders.orderedfood",
    "pk": 120,
    "fields": {
      "order": 66,
      "payment": 32,
      "user": 24,
      "fooditem": 4,
      "quantity": 3,
      "price": 12.5,
      "amount": 37.5,
      "created_at": "2022-12-12T12:18:53.253Z",
      "updated_at": "2022-12-12T12:18:53.253Z"
    }
  },
  {
    "model": "orders.orderedfood",
    "pk": 121,
    "fields": {
      "order": 66,
      "payment": 32,
      "user": 24,
      "fooditem": 10,
      "quantity": 3,
      "price": 8.0,
      "amount": 24.0,
      "created_at": "2022-12-12T12:18:53.256Z",
      "updated_at": "2022-12-12T12:18:53.256Z"
    }
  },
  {
    "model": "orders.orderedfood",
    "pk": 122,
    "fields": {
      "order": 66,
      "payment": 32,
      "user": 24,
      "fooditem": 2,
      "quantity": 2,
      "price": 12.0,
      "amount": 24.0,
      "created_at": "2022-12-12T12:18:53.265Z",
      "updated_at": "2022-12-12T12:18:53.265Z"
    }
  },
  {
    "model": "orders.orderedfood",
    "pk": 123,
    "fields": {
      "order": 66,
      "payment": 32,
      "user": 24,
      "fooditem": 12,
      "quantity": 2,
      "price": 12.0,
      "amount": 24.0,
      "created_at": "2022-12-12T12:18:53.272Z",
      "updated_at": "2022-12-12T12:18:53.272Z"
    }
  },
  {
    "model": "orders.orderedfood",
    "pk": 124,
    "fields": {
      "order": 67,
      "payment": 33,
      "user": 24,
      "fooditem": 11,
      "quantity": 2,
      "price": 7.0,
      "amount": 14.0,
      "created_at": "2022-12-12T12:20:04.806Z",
      "updated_at": "2022-12-12T12:20:04.806Z"
    }
  },
  {
    "model": "orders.orderedfood",
    "pk": 125,
    "fields": {
      "order": 67,
      "payment": 33,
      "user": 24,
      "fooditem": 9,
      "quantity": 4,
      "price": 2.0,
      "amount": 8.0,
      "created_at": "2022-12-12T12:20:04.811Z",
      "updated_at": "2022-12-12T12:20:04.811Z"
    }
  },
  {
    "model": "orders.orderedfood",
    "pk": 126,
    "fields": {
      "order": 67,
      "payment": 33,
      "user": 24,
      "fooditem": 13,
      "quantity": 3,
      "price": 7.0,
      "amount": 21.0,
      "created_at": "2022-12-12T12:20:04.816Z",
      "updated_at": "2022-12-12T12:20:04.816Z"
    }
  },
  {
    "model": "orders.orderedfood",
    "pk": 127,
    "fields": {
      "order": 67,
      "payment": 33,
      "user": 24,
      "fooditem": 4,
      "quantity": 3,
      "price": 12.5,
      "amount": 37.5,
      "created_at": "2022-12-12T12:20:04.820Z",
      "updated_at": "2022-12-12T12:20:04.820Z"
    }
  },
  {
    "model": "orders.orderedfood",
    "pk": 128,
    "fields": {
      "order": 67,
      "payment": 33,
      "user": 24,
      "fooditem": 10,
      "quantity": 3,
      "price": 8.0,
      "amount": 24.0,
      "created_at": "2022-12-12T12:20:04.823Z",
      "updated_at": "2022-12-12T12:20:04.823Z"
    }
  },
  {
    "model": "orders.orderedfood",
    "pk": 129,
    "fields": {
      "order": 67,
      "payment": 33,
      "user": 24,
      "fooditem": 2,
      "quantity": 2,
      "price": 12.0,
      "amount": 24.0,
      "created_at": "2022-12-12T12:20:04.826Z",
      "updated_at": "2022-12-12T12:20:04.826Z"
    }
  },
  {
    "model": "orders.orderedfood",
    "pk": 130,
    "fields": {
      "order": 67,
      "payment": 33,
      "user": 24,
      "fooditem": 12,
      "quantity": 2,
      "price": 12.0,
      "amount": 24.0,
      "created_at": "2022-12-12T12:20:04.829Z",
      "updated_at": "2022-12-12T12:20:04.829Z"
    }
  },
  {
    "model": "orders.orderedfood",
    "pk": 131,
    "fields": {
      "order": 68,
      "payment": 34,
      "user": 24,
      "fooditem": 11,
      "quantity": 2,
      "price": 7.0,
      "amount": 14.0,
      "created_at": "2022-12-12T12:28:05.713Z",
      "updated_at": "2022-12-12T12:28:05.713Z"
    }
  },
  {
    "model": "orders.orderedfood",
    "pk": 132,
    "fields": {
      "order": 68,
      "payment": 34,
      "user": 24,
      "fooditem": 9,
      "quantity": 4,
      "price": 2.0,
      "amount": 8.0,
      "created_at": "2022-12-12T12:28:05.718Z",
      "updated_at": "2022-12-12T12:28:05.718Z"
    }
  },
  {
    "model": "orders.orderedfood",
    "pk": 133,
    "fields": {
      "order": 68,
      "payment": 34,
      "user": 24,
      "fooditem": 13,
      "quantity": 3,
      "price": 7.0,
      "amount": 21.0,
      "created_at": "2022-12-12T12:28:05.722Z",
      "updated_at": "2022-12-12T12:28:05.722Z"
    }
  },
  {
    "model": "orders.orderedfood",
    "pk": 134,
    "fields": {
      "order": 68,
      "payment": 34,
      "user": 24,
      "fooditem": 4,
      "quantity": 3,
      "price": 12.5,
      "amount": 37.5,
      "created_at": "2022-12-12T12:28:05.726Z",
      "updated_at": "2022-12-12T12:28:05.726Z"
    }
  },
  {
    "model": "orders.orderedfood",
    "pk": 135,
    "fields": {
      "order": 68,
      "payment": 34,
      "user": 24,
      "fooditem": 10,
      "quantity": 3,
      "price": 8.0,
      "amount": 24.0,
      "created_at": "2022-12-12T12:28:05.729Z",
      "updated_at": "2022-12-12T12:28:05.729Z"
    }
  },
  {
    "model": "orders.orderedfood",
    "pk": 136,
    "fields": {
      "order": 68,
      "payment": 34,
      "user": 24,
      "fooditem": 2,
      "quantity": 2,
      "price": 12.0,
      "amount": 24.0,
      "created_at": "2022-12-12T12:28:05.732Z",
      "updated_at": "2022-12-12T12:28:05.732Z"
    }
  },
  {
    "model": "orders.orderedfood",
    "pk": 137,
    "fields": {
      "order": 68,
      "payment": 34,
      "user": 24,
      "fooditem": 12,
      "quantity": 2,
      "price": 12.0,
      "amount": 24.0,
      "created_at": "2022-12-12T12:28:05.734Z",
      "updated_at": "2022-12-12T12:28:05.734Z"
    }
  },
  {
    "model": "orders.orderedfood",
    "pk": 138,
    "fields": {
      "order": 69,
      "payment": 35,
      "user": 24,
      "fooditem": 11,
      "quantity": 2,
      "price": 7.0,
      "amount": 14.0,
      "created_at": "2022-12-12T12:33:23.217Z",
      "updated_at": "2022-12-12T12:33:23.217Z"
    }
  },
  {
    "model": "orders.orderedfood",
    "pk": 139,
    "fields": {
      "order": 69,
      "payment": 35,
      "user": 24,
      "fooditem": 13,
      "quantity": 3,
      "price": 7.0,
      "amount": 21.0,
      "created_at": "2022-12-12T12:33:23.219Z",
      "updated_at": "2022-12-12T12:33:23.219Z"
    }
  },
  {
    "model": "orders.orderedfood",
    "pk": 140,
    "fields": {
      "order": 69,
      "payment": 35,
      "user": 24,
      "fooditem": 10,
      "quantity": 3,
      "price": 8.0,
      "amount": 24.0,
      "created_at": "2022-12-12T12:33:23.221Z",
      "updated_at": "2022-12-12T12:33:23.221Z"
    }
  },
  {
    "model": "orders.orderedfood",
    "pk": 141,
    "fields": {
      "order": 69,
      "payment": 35,
      "user": 24,
      "fooditem": 2,
      "quantity": 2,
      "price": 12.0,
      "amount": 24.0,
      "created_at": "2022-12-12T12:33:23.224Z",
      "updated_at": "2022-12-12T12:33:23.224Z"
    }
  },
  {
    "model": "orders.orderedfood",
    "pk": 142,
    "fields": {
      "order": 69,
      "payment": 35,
      "user": 24,
      "fooditem": 12,
      "quantity": 2,
      "price": 12.0,
      "amount": 24.0,
      "created_at": "2022-12-12T12:33:23.226Z",
      "updated_at": "2022-12-12T12:33:23.226Z"
    }
  },
  {
    "model": "orders.orderedfood",
    "pk": 143,
    "fields": {
      "order": 70,
      "payment": 36,
      "user": 24,
      "fooditem": 11,
      "quantity": 2,
      "price": 7.0,
      "amount": 14.0,
      "created_at": "2022-12-12T12:35:58.733Z",
      "updated_at": "2022-12-12T12:35:58.733Z"
    }
  },
  {
    "model": "orders.orderedfood",
    "pk": 144,
    "fields": {
      "order": 70,
      "payment": 36,
      "user": 24,
      "fooditem": 13,
      "quantity": 3,
      "price": 7.0,
      "amount": 21.0,
      "created_at": "2022-12-12T12:35:58.737Z",
      "updated_at": "2022-12-12T12:35:58.737Z"
    }
  },
  {
    "model": "orders.orderedfood",
    "pk": 145,
    "fields": {
      "order": 70,
      "payment": 36,
      "user": 24,
      "fooditem": 2,
      "quantity": 2,
      "price": 12.0,
      "amount": 24.0,
      "created_at": "2022-12-12T12:35:58.742Z",
      "updated_at": "2022-12-12T12:35:58.742Z"
    }
  },
  {
    "model": "orders.orderedfood",
    "pk": 146,
    "fields": {
      "order": 70,
      "payment": 36,
      "user": 24,
      "fooditem": 12,
      "quantity": 2,
      "price": 12.0,
      "amount": 24.0,
      "created_at": "2022-12-12T12:35:58.745Z",
      "updated_at": "2022-12-12T12:35:58.745Z"
    }
  },
  {
    "model": "orders.orderedfood",
    "pk": 147,
    "fields": {
      "order": 71,
      "payment": 37,
      "user": 24,
      "fooditem": 11,
      "quantity": 2,
      "price": 7.0,
      "amount": 14.0,
      "created_at": "2022-12-12T13:01:17.458Z",
      "updated_at": "2022-12-12T13:01:17.458Z"
    }
  },
  {
    "model": "orders.orderedfood",
    "pk": 148,
    "fields": {
      "order": 71,
      "payment": 37,
      "user": 24,
      "fooditem": 13,
      "quantity": 3,
      "price": 7.0,
      "amount": 21.0,
      "created_at": "2022-12-12T13:01:17.461Z",
      "updated_at": "2022-12-12T13:01:17.461Z"
    }
  },
  {
    "model": "orders.orderedfood",
    "pk": 149,
    "fields": {
      "order": 71,
      "payment": 37,
      "user": 24,
      "fooditem": 2,
      "quantity": 2,
      "price": 12.0,
      "amount": 24.0,
      "created_at": "2022-12-12T13:01:17.463Z",
      "updated_at": "2022-12-12T13:01:17.463Z"
    }
  },
  {
    "model": "orders.orderedfood",
    "pk": 150,
    "fields": {
      "order": 71,
      "payment": 37,
      "user": 24,
      "fooditem": 12,
      "quantity": 2,
      "price": 12.0,
      "amount": 24.0,
      "created_at": "2022-12-12T13:01:17.467Z",
      "updated_at": "2022-12-12T13:01:17.467Z"
    }
  },
  {
    "model": "orders.orderedfood",
    "pk": 151,
    "fields": {
      "order": 73,
      "payment": 38,
      "user": 24,
      "fooditem": 13,
      "quantity": 3,
      "price": 7.0,
      "amount": 21.0,
      "created_at": "2022-12-12T23:03:53.202Z",
      "updated_at": "2022-12-12T23:03:53.202Z"
    }
  },
  {
    "model": "orders.orderedfood",
    "pk": 152,
    "fields": {
      "order": 73,
      "payment": 38,
      "user": 24,
      "fooditem": 2,
      "quantity": 2,
      "price": 12.0,
      "amount": 24.0,
      "created_at": "2022-12-12T23:03:53.209Z",
      "updated_at": "2022-12-12T23:03:53.209Z"
    }
  },
  {
    "model": "orders.orderedfood",
    "pk": 153,
    "fields": {
      "order": 73,
      "payment": 38,
      "user": 24,
      "fooditem": 10,
      "quantity": 1,
      "price": 8.0,
      "amount": 8.0,
      "created_at": "2022-12-12T23:03:53.212Z",
      "updated_at": "2022-12-12T23:03:53.212Z"
    }
  },
  {
    "model": "orders.orderedfood",
    "pk": 154,
    "fields": {
      "order": 73,
      "payment": 38,
      "user": 24,
      "fooditem": 11,
      "quantity": 1,
      "price": 7.0,
      "amount": 7.0,
      "created_at": "2022-12-12T23:03:53.215Z",
      "updated_at": "2022-12-12T23:03:53.215Z"
    }
  }
]